"","1","2","3","4","5","6","ID","city","buffer","7","8","total","grey","green","blue","proportion.green","proportion.grey"
"1",70,23,157,10,211,1,"GE_GaLH1","GE","Buffer100",0,0,472,71,401,0,0.849576271186441,0.150423728813559
"2",121,20,289,3,203,0,"GE_RuLx3","GE","Buffer100",0,0,636,121,515,0,0.809748427672956,0.190251572327044
"3",466,70,387,5,358,8,"GE_PaLH1","GE","Buffer100",0,0,1294,474,820,0,0.633693972179289,0.366306027820711
"4",408,10,164,0,81,0,"GE_EsHL1","GE","Buffer100",0,0,663,408,255,0,0.384615384615385,0.615384615384615
"5",183,6,61,2,239,0,"GE_RuLx1","GE","Buffer100",0,0,491,183,308,0,0.627291242362525,0.372708757637475
"6",995,20,858,4,863,8,"GE_PaHL1","GE","Buffer100",0,0,2748,1003,1745,0,0.635007278020378,0.364992721979622
"7",894,9,440,0,121,1,"GE_PaHH1","GE","Buffer100",0,0,1465,895,570,0,0.389078498293515,0.610921501706485
"8",72,12,308,2,212,0,"GE_GaLH2","GE","Buffer100",0,0,606,72,534,0,0.881188118811881,0.118811881188119
"9",328,10,139,1,126,0,"GE_RuHx1","GE","Buffer100",0,0,604,328,276,0,0.456953642384106,0.543046357615894
"10",198,7,323,2,276,0,"GE_PaLH3","GE","Buffer100",0,0,806,198,608,0,0.754342431761787,0.245657568238213
"11",342,58,253,1,224,1,"GE_PaLL2","GE","Buffer100",0,0,879,343,536,0,0.609783845278726,0.390216154721274
"12",282,20,140,1,329,0,"GE_EsLL1","GE","Buffer100",0,0,772,282,490,0,0.634715025906736,0.365284974093264
"13",87,13,97,7,251,0,"GE_GaLH3","GE","Buffer100",0,0,455,87,368,0,0.808791208791209,0.191208791208791
"14",629,19,365,0,24,4,"GE_PaHL3","GE","Buffer100",366,0,1407,633,408,366,0.28997867803838,0.449893390191898
"15",377,2,114,0,16,1,"GE_EsHL2","GE","Buffer100",120,0,630,378,132,120,0.20952380952381,0.6
"16",230,0,195,0,27,0,"GE_GaHL2","GE","Buffer100",0,0,452,230,222,0,0.491150442477876,0.508849557522124
"17",559,2,74,0,5,0,"GE_EsHL3","GE","Buffer100",0,0,640,559,81,0,0.1265625,0.8734375
"18",315,8,61,0,72,0,"GE_RuHx2","GE","Buffer100",0,0,456,315,141,0,0.309210526315789,0.690789473684211
"19",372,14,13,0,99,0,"GE_GaHL3","GE","Buffer100",0,0,498,372,126,0,0.253012048192771,0.746987951807229
"20",284,36,338,20,629,2,"GE_EsLL3","GE","Buffer100",73,0,1382,286,1023,73,0.740231548480463,0.206946454413893
"21",355,21,110,6,99,0,"Ge_RuHx5","GE","Buffer100",0,0,591,355,236,0,0.399323181049069,0.600676818950931
"22",567,36,98,7,329,0,"GE_PaLL3","GE","Buffer100",0,0,1037,567,470,0,0.453230472516876,0.546769527483124
"23",258,0,141,1,73,0,"GE_GaHH2","GE","Buffer100",0,0,473,258,215,0,0.454545454545455,0.545454545454545
"24",722,2,21,0,39,0,"GE_PaHL2","GE","Buffer100",0,0,784,722,62,0,0.0790816326530612,0.920918367346939
"25",1369,45,574,4,473,13,"GE_PaHH2","GE","Buffer100",0,0,2478,1382,1096,0,0.44229217110573,0.55770782889427
"26",308,18,234,6,236,0,"GE_EsLH3","GE","Buffer100",0,0,802,308,494,0,0.615960099750623,0.384039900249377
"27",782,2,265,1,69,0,"GE_EsHH3","GE","Buffer100",0,0,1119,782,337,0,0.301161751563896,0.698838248436104
"28",406,30,197,10,238,10,"GE_EsLH2","GE","Buffer100",0,0,891,416,475,0,0.5331088664422,0.4668911335578
"29",492,30,184,3,268,1,"GE_EsLL2","GE","Buffer100",0,0,978,493,485,0,0.495910020449898,0.504089979550102
"30",511,82,270,4,438,3,"GE_PaLH2","GE","Buffer100",0,0,1308,514,794,0,0.607033639143731,0.392966360856269
"31",208,14,187,6,135,2,"GE_EsHH1","GE","Buffer100",0,0,552,210,342,0,0.619565217391304,0.380434782608696
"32",218,18,109,6,163,0,"GE_GaLL1","GE","Buffer100",0,0,514,218,296,0,0.575875486381323,0.424124513618677
"33",189,2,144,8,143,0,"GE_GaLL3","GE","Buffer100",0,0,486,189,297,0,0.611111111111111,0.388888888888889
"34",519,26,129,4,98,7,"GE_RuHx6","GE","Buffer100",12,0,795,526,257,12,0.323270440251572,0.661635220125786
"35",255,22,162,1,111,1,"GE_RuLx6","GE","Buffer100",0,0,552,256,296,0,0.536231884057971,0.463768115942029
"36",378,45,39,3,120,7,"GE_RuHx3","GE","Buffer100",0,0,592,385,207,0,0.349662162162162,0.650337837837838
"37",437,84,689,19,923,1,"GE_PaLL1","GE","Buffer100",0,0,2153,438,1715,0,0.796562935438922,0.203437064561078
"38",380,0,129,0,102,0,"GE_EsHH2","GE","Buffer100",0,0,611,380,231,0,0.378068739770867,0.621931260229133
"39",309,5,541,0,48,0,"GE_PaHH3","GE","Buffer100",0,0,903,309,594,0,0.6578073089701,0.3421926910299
"40",392,0,78,0,17,0,"GE_GaHH3","GE","Buffer100",0,0,487,392,95,0,0.195071868583162,0.804928131416838
"41",171,220,369,0,287,6,"GE_RuLx5","GE","Buffer100",0,0,1053,177,876,0,0.831908831908832,0.168091168091168
"42",128,6,587,1,172,0,"GE_RuLx4","GE","Buffer100",1,0,895,128,766,1,0.855865921787709,0.143016759776536
"43",159,221,56,4,116,1,"GE_RuLx2","GE","Buffer100",0,0,557,160,397,0,0.712746858168761,0.287253141831239
"44",390,14,146,1,180,2,"GE_EsLH1","GE","Buffer100",0,0,733,392,341,0,0.465211459754434,0.534788540245566
"45",379,4,156,0,41,1,"GE_RuHx4","GE","Buffer100",0,0,581,380,201,0,0.345955249569707,0.654044750430293
"46",45,23,55,1,366,0,"GE_GaLL2","GE","Buffer100",0,0,490,45,445,0,0.908163265306122,0.0918367346938776
"47",237,0,140,0,133,0,"GE_GaHL1","GE","Buffer100",0,0,510,237,273,0,0.535294117647059,0.464705882352941
"48",232,10,131,0,122,1,"GE_GaHH1","GE","Buffer100",0,0,496,233,263,0,0.530241935483871,0.469758064516129
"49",113,18,0,1,271,0,"GE_AlHH2","GE","Buffer100",0,0,403,113,290,0,0.719602977667494,0.280397022332506
"50",129,18,11,1,256,0,"GE_AlHL2","GE","Buffer100",0,0,415,129,286,0,0.689156626506024,0.310843373493976
"51",47,36,94,2,228,7,"GE_AlHH3","GE","Buffer100",0,0,414,54,360,0,0.869565217391304,0.130434782608696
"52",246,6,0,0,171,0,"GE_AlHL1","GE","Buffer100",0,0,423,246,177,0,0.418439716312057,0.581560283687943
"53",125,4,117,1,179,0,"GE_AlHL3","GE","Buffer100",0,0,426,125,301,0,0.706572769953052,0.293427230046948
"54",182,90,21,0,110,5,"GE_AlLL2","GE","Buffer100",0,0,408,187,221,0,0.541666666666667,0.458333333333333
"55",143,33,83,4,128,5,"GE_AlLL3","GE","Buffer100",0,0,396,148,248,0,0.626262626262626,0.373737373737374
"56",139,37,84,3,137,6,"GE_AlLH3","GE","Buffer100",0,0,406,145,261,0,0.642857142857143,0.357142857142857
"57",88,78,16,7,221,0,"GE_AlLH2","GE","Buffer100",0,0,410,88,322,0,0.785365853658537,0.214634146341463
"58",99,21,107,9,167,0,"GE_AlLL1","GE","Buffer100",0,0,403,99,304,0,0.754342431761787,0.245657568238213
"59",71,12,192,8,138,0,"GE_AlLH1","GE","Buffer100",0,0,421,71,350,0,0.831353919239905,0.168646080760095
"60",228,16,1,0,178,0,"GE_AlHH1","GE","Buffer100",0,0,423,228,195,0,0.460992907801418,0.539007092198582
"61",288,210,360,26,669,6,"GE_GaLH1","GE","Buffer200",0,0,1559,294,1265,0,0.811417575368826,0.188582424631174
"62",360,47,846,8,606,0,"GE_RuLx3","GE","Buffer200",0,0,1867,360,1507,0,0.807177289769684,0.192822710230316
"63",1239,97,894,10,695,8,"GE_PaLH1","GE","Buffer200",0,0,2943,1247,1696,0,0.576282704723072,0.423717295276928
"64",1089,36,452,4,327,0,"GE_EsHL1","GE","Buffer200",0,0,1908,1089,819,0,0.429245283018868,0.570754716981132
"65",556,47,196,10,791,0,"GE_RuLx1","GE","Buffer200",0,0,1600,556,1044,0,0.6525,0.3475
"66",1996,24,1803,6,1162,8,"GE_PaHL1","GE","Buffer200",0,0,4999,2004,2995,0,0.599119823964793,0.400880176035207
"67",2206,14,709,0,250,2,"GE_PaHH1","GE","Buffer200",0,0,3181,2208,973,0,0.30587865451116,0.69412134548884
"68",381,45,845,2,525,3,"GE_GaLH2","GE","Buffer200",0,0,1801,384,1417,0,0.786785119378123,0.213214880621877
"69",847,33,473,2,445,3,"GE_RuHx1","GE","Buffer200",0,0,1803,850,953,0,0.528563505268996,0.471436494731004
"70",821,31,630,5,650,3,"GE_PaLH3","GE","Buffer200",4,0,2144,824,1316,4,0.613805970149254,0.384328358208955
"71",911,188,594,3,606,2,"GE_PaLL2","GE","Buffer200",0,0,2304,913,1391,0,0.603732638888889,0.396267361111111
"72",555,86,560,10,876,3,"GE_EsLL1","GE","Buffer200",0,0,2090,558,1532,0,0.733014354066986,0.266985645933014
"73",175,240,449,17,648,0,"GE_GaLH3","GE","Buffer200",0,0,1529,175,1354,0,0.885546108567691,0.114453891432309
"74",1654,19,454,0,24,6,"GE_PaHL3","GE","Buffer200",982,0,3139,1660,497,982,0.158330678560051,0.528830837846448
"75",1286,2,269,0,54,4,"GE_EsHL2","GE","Buffer200",216,0,1831,1290,325,216,0.177498634625887,0.704533042053523
"76",916,0,493,0,86,1,"GE_GaHL2","GE","Buffer200",25,0,1521,917,579,25,0.380670611439842,0.602892833662064
"77",1546,10,270,0,45,0,"GE_EsHL3","GE","Buffer200",0,0,1871,1546,325,0,0.173703901656868,0.826296098343132
"78",1014,19,304,1,191,1,"GE_RuHx2","GE","Buffer200",0,0,1530,1015,515,0,0.336601307189543,0.663398692810457
"79",1202,84,49,0,271,4,"GE_GaHL3","GE","Buffer200",0,0,1610,1206,404,0,0.250931677018634,0.749068322981366
"80",473,66,742,24,1600,3,"GE_EsLL3","GE","Buffer200",151,0,3059,476,2432,151,0.795031055900621,0.155606407322654
"81",1127,42,388,8,223,2,"Ge_RuHx5","GE","Buffer200",0,0,1790,1129,661,0,0.36927374301676,0.63072625698324
"82",1270,97,284,27,856,4,"GE_PaLL3","GE","Buffer200",0,0,2538,1274,1264,0,0.498029944838455,0.501970055161544
"83",816,14,521,2,210,1,"GE_GaHH2","GE","Buffer200",0,0,1564,817,747,0,0.477621483375959,0.522378516624041
"84",1931,6,124,0,68,0,"GE_PaHL2","GE","Buffer200",4,0,2133,1931,198,4,0.0928270042194093,0.905297702766057
"85",2640,61,912,12,1041,18,"GE_PaHH2","GE","Buffer200",0,0,4684,2658,2026,0,0.432536293766012,0.567463706233988
"86",578,165,544,11,840,0,"GE_EsLH3","GE","Buffer200",0,0,2138,578,1560,0,0.729653882132834,0.270346117867166
"87",1682,13,653,6,287,0,"GE_EsHH3","GE","Buffer200",0,0,2641,1682,959,0,0.363120030291556,0.636879969708444
"88",774,84,703,36,690,11,"GE_EsLH2","GE","Buffer200",0,0,2298,785,1513,0,0.658398607484769,0.341601392515231
"89",1231,92,343,10,742,2,"GE_EsLL2","GE","Buffer200",0,0,2420,1233,1187,0,0.490495867768595,0.509504132231405
"90",1236,423,459,4,828,6,"GE_PaLH2","GE","Buffer200",0,0,2956,1242,1714,0,0.579837618403248,0.420162381596752
"91",691,32,542,6,434,3,"GE_EsHH1","GE","Buffer200",0,0,1708,694,1014,0,0.59367681498829,0.40632318501171
"92",523,21,587,9,502,0,"GE_GaLL1","GE","Buffer200",0,0,1642,523,1119,0,0.681485992691839,0.318514007308161
"93",543,38,537,17,458,0,"GE_GaLL3","GE","Buffer200",0,0,1593,543,1050,0,0.659133709981168,0.340866290018832
"94",1122,28,785,6,222,7,"GE_RuHx6","GE","Buffer200",12,0,2182,1129,1041,12,0.477085242896425,0.517415215398717
"95",578,146,475,3,508,6,"GE_RuLx6","GE","Buffer200",0,0,1716,584,1132,0,0.65967365967366,0.34032634032634
"96",973,122,78,9,570,33,"GE_RuHx3","GE","Buffer200",1,0,1786,1006,779,1,0.436170212765957,0.563269876819709
"97",900,103,1700,44,1508,1,"GE_PaLL1","GE","Buffer200",0,0,4256,901,3355,0,0.788298872180451,0.211701127819549
"98",1039,5,518,1,252,0,"GE_EsHH2","GE","Buffer200",0,0,1815,1039,776,0,0.427548209366391,0.572451790633609
"99",949,8,1224,0,110,0,"GE_PaHH3","GE","Buffer200",0,0,2291,949,1342,0,0.585770405936272,0.414229594063728
"100",1157,8,367,0,56,2,"GE_GaHH3","GE","Buffer200",0,0,1590,1159,431,0,0.271069182389937,0.728930817610063
"101",433,602,802,0,679,38,"GE_RuLx5","GE","Buffer200",0,0,2554,471,2083,0,0.815583398590446,0.184416601409554
"102",425,29,1163,9,542,0,"GE_RuLx4","GE","Buffer200",123,0,2291,425,1743,123,0.760803142732431,0.185508511567001
"103",403,711,166,9,432,5,"GE_RuLx2","GE","Buffer200",0,0,1726,408,1318,0,0.763615295480881,0.236384704519119
"104",864,49,417,2,420,5,"GE_EsLH1","GE","Buffer200",263,0,2020,869,888,263,0.43960396039604,0.43019801980198
"105",1127,11,502,0,114,9,"GE_RuHx4","GE","Buffer200",0,0,1763,1136,627,0,0.355643788996029,0.644356211003971
"106",292,56,202,8,1038,0,"GE_GaLL2","GE","Buffer200",0,0,1596,292,1304,0,0.817042606516291,0.182957393483709
"107",1001,8,394,0,229,0,"GE_GaHL1","GE","Buffer200",0,0,1632,1001,631,0,0.386642156862745,0.613357843137255
"108",857,33,365,0,353,4,"GE_GaHH1","GE","Buffer200",0,0,1612,861,751,0,0.465880893300248,0.534119106699752
"109",490,48,182,4,713,1,"GE_AlHH2","GE","Buffer200",0,0,1438,491,947,0,0.65855354659249,0.34144645340751
"110",519,58,168,4,704,1,"GE_AlHL2","GE","Buffer200",0,0,1454,520,934,0,0.642365887207703,0.357634112792297
"111",239,211,249,5,746,10,"GE_AlHH3","GE","Buffer200",0,0,1460,249,1211,0,0.829452054794521,0.170547945205479
"112",953,34,204,3,278,0,"GE_AlHL1","GE","Buffer200",0,0,1472,953,519,0,0.35258152173913,0.64741847826087
"113",638,37,326,4,470,8,"GE_AlHL3","GE","Buffer200",0,0,1483,646,837,0,0.564396493594066,0.435603506405934
"114",640,286,68,6,433,8,"GE_AlLL2","GE","Buffer200",0,0,1441,648,793,0,0.550312283136711,0.449687716863289
"115",333,285,270,14,512,6,"GE_AlLL3","GE","Buffer200",0,0,1420,339,1081,0,0.761267605633803,0.238732394366197
"116",361,245,307,15,502,6,"GE_AlLH3","GE","Buffer200",0,0,1436,367,1069,0,0.744428969359331,0.255571030640669
"117",341,657,74,7,363,3,"GE_AlLH2","GE","Buffer200",0,0,1445,344,1101,0,0.761937716262976,0.238062283737024
"118",466,69,425,27,438,10,"GE_AlLL1","GE","Buffer200",0,0,1435,476,959,0,0.668292682926829,0.331707317073171
"119",359,68,534,23,495,0,"GE_AlLH1","GE","Buffer200",0,0,1479,359,1120,0,0.757268424611224,0.242731575388776
"120",875,37,264,2,296,0,"GE_AlHH1","GE","Buffer200",0,0,1474,875,599,0,0.406377204884668,0.593622795115332
"121",758,1622,816,40,2363,23,"GE_GaLH1","GE","Buffer400",0,0,5622,781,4841,0,0.86108146567058,0.13891853432942
"122",1330,144,3007,38,1696,0,"GE_RuLx3","GE","Buffer400",0,0,6215,1330,4885,0,0.786001609010459,0.213998390989541
"123",3573,212,2298,40,1995,12,"GE_PaLH1","GE","Buffer400",0,0,8130,3585,4545,0,0.559040590405904,0.440959409594096
"124",3171,115,1762,14,1210,4,"GE_EsHL1","GE","Buffer400",0,0,6276,3175,3101,0,0.494104525175271,0.505895474824729
"125",1241,104,1463,37,2477,0,"GE_RuLx1","GE","Buffer400",373,0,5695,1241,4081,373,0.716593503072871,0.217910447761194
"126",5239,87,3819,15,2212,11,"GE_PaHL1","GE","Buffer400",0,0,11383,5250,6133,0,0.538785908811385,0.461214091188615
"127",6511,22,1430,1,544,4,"GE_PaHH1","GE","Buffer400",0,0,8512,6515,1997,0,0.234609962406015,0.765390037593985
"128",1760,364,2327,15,1614,10,"GE_GaLH2","GE","Buffer400",0,0,6090,1770,4320,0,0.70935960591133,0.29064039408867
"129",2728,303,1656,14,1376,10,"GE_RuHx1","GE","Buffer400",0,0,6087,2738,3349,0,0.550188927221948,0.449811072778052
"130",3352,146,1445,8,1743,9,"GE_PaLH3","GE","Buffer400",5,0,6708,3361,3342,5,0.498211091234347,0.501043530113298
"131",2106,635,2273,48,1966,12,"GE_PaLL2","GE","Buffer400",0,0,7040,2118,4922,0,0.699147727272727,0.300852272727273
"132",1213,340,1985,28,3020,14,"GE_EsLL1","GE","Buffer400",0,0,6600,1227,5373,0,0.814090909090909,0.185909090909091
"133",484,643,1674,33,2719,6,"GE_GaLH3","GE","Buffer400",0,0,5559,490,5069,0,0.911854650116927,0.0881453498830725
"134",4998,21,792,0,63,18,"GE_PaHL3","GE","Buffer400",2594,0,8486,5016,876,2594,0.103228847513552,0.5910912090502
"135",4271,30,1020,0,394,8,"GE_EsHL2","GE","Buffer400",414,0,6137,4279,1444,414,0.235294117647059,0.697246211503992
"136",3408,21,1348,1,439,9,"GE_GaHL2","GE","Buffer400",332,0,5558,3417,1809,332,0.325476790212307,0.614789492623246
"137",4573,25,1402,1,222,1,"GE_EsHL3","GE","Buffer400",0,0,6224,4574,1650,0,0.265102827763496,0.734897172236504
"138",3521,105,963,4,961,11,"GE_RuHx2","GE","Buffer400",0,0,5565,3532,2033,0,0.365318957771788,0.634681042228212
"139",4576,230,264,0,628,20,"GE_GaHL3","GE","Buffer400",0,0,5718,4596,1122,0,0.196222455403987,0.803777544596013
"140",1118,210,2433,70,4154,18,"GE_EsLL3","GE","Buffer400",315,0,8318,1136,6867,315,0.825559028612647,0.136571291175763
"141",3745,178,1045,13,1073,13,"Ge_RuHx5","GE","Buffer400",0,0,6067,3758,2309,0,0.380583484423933,0.619416515576067
"142",3554,507,1094,52,2194,9,"GE_PaLL3","GE","Buffer400",0,0,7410,3563,3847,0,0.519163292847503,0.480836707152497
"143",2441,79,1959,7,1137,14,"GE_GaHH2","GE","Buffer400",0,0,5637,2455,3182,0,0.564484654958311,0.435515345041689
"144",5889,7,701,0,109,0,"GE_PaHL2","GE","Buffer400",5,0,6711,5889,817,5,0.121740426165996,0.877514528386232
"145",6309,133,2061,22,2376,20,"GE_PaHH2","GE","Buffer400",0,0,10921,6329,4592,0,0.42047431553887,0.57952568446113
"146",1706,809,1271,27,2872,12,"GE_EsLH3","GE","Buffer400",0,0,6697,1718,4979,0,0.743467224130208,0.256532775869792
"147",3712,87,2323,13,1425,3,"GE_EsHH3","GE","Buffer400",0,0,7563,3715,3848,0,0.508792807087135,0.491207192912865
"148",1918,354,2302,69,2335,12,"GE_EsLH2","GE","Buffer400",0,0,6990,1930,5060,0,0.723891273247496,0.276108726752504
"149",3081,740,771,46,2532,24,"GE_EsLL2","GE","Buffer400",0,0,7194,3105,4089,0,0.568390325271059,0.431609674728941
"150",3618,1291,861,6,2315,46,"GE_PaLH2","GE","Buffer400",0,0,8137,3664,4473,0,0.549711195772398,0.450288804227602
"151",2639,108,1853,36,1260,5,"GE_EsHH1","GE","Buffer400",0,0,5901,2644,3257,0,0.551940349093374,0.448059650906626
"152",1912,71,2325,20,1451,0,"GE_GaLL1","GE","Buffer400",0,0,5779,1912,3867,0,0.669146911230317,0.330853088769683
"153",1497,656,1803,31,1694,1,"GE_GaLL3","GE","Buffer400",0,0,5682,1498,4184,0,0.736360436466033,0.263639563533967
"154",3013,59,3017,10,717,13,"GE_RuHx6","GE","Buffer400",12,0,6841,3026,3803,12,0.555912878234176,0.442332992252595
"155",1374,418,1241,18,1922,13,"GE_RuLx6","GE","Buffer400",943,0,5929,1387,3599,943,0.607016360263114,0.233934896272559
"156",2824,345,617,28,2130,84,"GE_RuHx3","GE","Buffer400",29,0,6057,2908,3120,29,0.515106488360574,0.480105662869407
"157",1868,231,5043,77,3124,1,"GE_PaLL1","GE","Buffer400",0,0,10344,1869,8475,0,0.819315545243619,0.180684454756381
"158",3592,38,1585,3,879,4,"GE_EsHH2","GE","Buffer400",0,0,6101,3596,2505,0,0.410588428126537,0.589411571873463
"159",3183,18,3137,1,621,5,"GE_PaHH3","GE","Buffer400",0,0,6965,3188,3777,0,0.542282842785355,0.457717157214645
"160",2915,37,2205,5,503,7,"GE_GaHH3","GE","Buffer400",12,0,5684,2922,2750,12,0.483814215341309,0.514074595355384
"161",1633,1881,1701,19,2037,157,"GE_RuLx5","GE","Buffer400",0,0,7428,1790,5638,0,0.759019924609585,0.240980075390415
"162",1145,163,2365,37,2922,25,"GE_RuLx4","GE","Buffer400",315,0,6972,1170,5487,315,0.787005163511188,0.167814113597246
"163",1497,1533,679,54,2175,23,"GE_RuLx2","GE","Buffer400",0,0,5961,1520,4441,0,0.745009226639825,0.254990773360174
"164",1312,298,1315,9,1469,12,"GE_EsLH1","GE","Buffer400",2067,0,6482,1324,3091,2067,0.476858994137612,0.204257945078679
"165",4110,19,1554,2,319,12,"GE_RuHx4","GE","Buffer400",1,0,6017,4122,1894,1,0.31477480471996,0.685058999501413
"166",1158,160,1368,35,2575,0,"GE_GaLL2","GE","Buffer400",403,0,5699,1158,4138,403,0.726092296894192,0.203193542726794
"167",3644,64,1244,2,788,18,"GE_GaHL1","GE","Buffer400",0,0,5760,3662,2098,0,0.364236111111111,0.635763888888889
"168",3041,127,1469,7,1054,25,"GE_GaHH1","GE","Buffer400",1,0,5724,3066,2657,1,0.464185883997205,0.535639412997904
"169",2860,122,734,21,1621,3,"GE_AlHH2","GE","Buffer400",29,0,5390,2863,2498,29,0.463450834879406,0.531168831168831
"170",2902,123,766,22,1584,3,"GE_AlHL2","GE","Buffer400",19,0,5419,2905,2495,19,0.460417051116442,0.536076766931168
"171",1528,540,1554,9,1776,13,"GE_AlHH3","GE","Buffer400",5,0,5425,1541,3879,5,0.715023041474654,0.284055299539171
"172",2922,91,1507,5,940,2,"GE_AlHL1","GE","Buffer400",1,0,5468,2924,2543,1,0.465069495245062,0.53474762253109
"173",2413,363,1258,10,1414,12,"GE_AlHL3","GE","Buffer400",5,0,5475,2425,3045,5,0.556164383561644,0.442922374429224
"174",1614,1432,750,26,1558,14,"GE_AlLL2","GE","Buffer400",0,0,5394,1628,3766,0,0.698183166481276,0.301816833518725
"175",1417,1275,766,38,1860,7,"GE_AlLL3","GE","Buffer400",0,0,5363,1424,3939,0,0.734476971844117,0.265523028155883
"176",1493,1178,777,38,1897,7,"GE_AlLH3","GE","Buffer400",0,0,5390,1500,3890,0,0.721706864564007,0.278293135435993
"177",1216,1662,820,25,1673,10,"GE_AlLH2","GE","Buffer400",0,0,5406,1226,4180,0,0.773214946355901,0.226785053644099
"178",1258,256,1780,64,2021,10,"GE_AlLL1","GE","Buffer400",0,0,5389,1268,4121,0,0.764705882352941,0.235294117647059
"179",1152,321,1876,67,2044,10,"GE_AlLH1","GE","Buffer400",0,0,5470,1162,4308,0,0.787568555758684,0.212431444241316
"180",3117,78,1461,5,797,2,"GE_AlHH1","GE","Buffer400",1,0,5461,3119,2341,1,0.428676066654459,0.571140816700238
"181",12,0,77,3,71,0,"GE_GaLH1","GE","Buffer50",0,0,163,12,151,0,0.926380368098159,0.0736196319018405
"182",41,16,124,1,73,0,"GE_RuLx3","GE","Buffer50",0,0,255,41,214,0,0.83921568627451,0.16078431372549
"183",226,40,253,1,182,7,"GE_PaLH1","GE","Buffer50",0,0,709,233,476,0,0.671368124118477,0.328631875881523
"184",192,2,35,0,48,0,"GE_EsHL1","GE","Buffer50",0,0,277,192,85,0,0.306859205776173,0.693140794223827
"185",57,2,24,1,91,0,"GE_RuLx1","GE","Buffer50",0,0,175,57,118,0,0.674285714285714,0.325714285714286
"186",494,17,580,4,748,8,"GE_PaHL1","GE","Buffer50",0,0,1851,502,1349,0,0.728795245813074,0.271204754186926
"187",443,9,325,0,62,1,"GE_PaHH1","GE","Buffer50",0,0,840,444,396,0,0.471428571428571,0.528571428571429
"188",20,5,115,1,101,0,"GE_GaLH2","GE","Buffer50",0,0,242,20,222,0,0.917355371900826,0.0826446280991736
"189",115,5,79,0,44,0,"GE_RuHx1","GE","Buffer50",0,0,243,115,128,0,0.526748971193416,0.473251028806584
"190",61,7,157,1,148,0,"GE_PaLH3","GE","Buffer50",0,0,374,61,313,0,0.836898395721925,0.163101604278075
"191",204,18,68,0,108,1,"GE_PaLL2","GE","Buffer50",0,0,399,205,194,0,0.486215538847118,0.513784461152882
"192",125,13,55,1,158,0,"GE_EsLL1","GE","Buffer50",0,0,352,125,227,0,0.644886363636364,0.355113636363636
"193",42,2,22,5,80,0,"GE_GaLH3","GE","Buffer50",0,0,151,42,109,0,0.721854304635762,0.278145695364238
"194",254,18,325,0,23,4,"GE_PaHL3","GE","Buffer50",148,0,772,258,366,148,0.474093264248705,0.33419689119171
"195",172,2,33,0,10,0,"GE_EsHL2","GE","Buffer50",42,0,259,172,45,42,0.173745173745174,0.664092664092664
"196",72,0,61,0,18,0,"GE_GaHL2","GE","Buffer50",0,0,151,72,79,0,0.52317880794702,0.47682119205298
"197",210,0,47,0,3,0,"GE_EsHL3","GE","Buffer50",0,0,260,210,50,0,0.192307692307692,0.807692307692308
"198",109,4,13,0,27,0,"GE_RuHx2","GE","Buffer50",0,0,153,109,44,0,0.287581699346405,0.712418300653595
"199",102,13,12,0,51,0,"GE_GaHL3","GE","Buffer50",0,0,178,102,76,0,0.426966292134831,0.573033707865168
"200",156,8,32,0,33,0,"Ge_RuHx5","GE","Buffer50",0,0,229,156,73,0,0.318777292576419,0.681222707423581
"201",256,16,23,3,227,0,"GE_PaLL3","GE","Buffer50",0,0,525,256,269,0,0.512380952380952,0.487619047619048
"202",93,0,52,0,18,0,"GE_GaHH2","GE","Buffer50",0,0,163,93,70,0,0.429447852760736,0.570552147239264
"203",310,1,7,0,29,0,"GE_PaHL2","GE","Buffer50",0,0,347,310,37,0,0.106628242074928,0.893371757925072
"204",713,41,475,1,348,11,"GE_PaHH2","GE","Buffer50",0,0,1589,724,865,0,0.544367526746381,0.455632473253619
"205",149,11,113,6,89,0,"GE_EsLH3","GE","Buffer50",0,0,368,149,219,0,0.595108695652174,0.404891304347826
"206",419,0,152,0,24,0,"GE_EsHH3","GE","Buffer50",0,0,595,419,176,0,0.295798319327731,0.704201680672269
"207",199,16,95,2,103,10,"GE_EsLH2","GE","Buffer50",0,0,425,209,216,0,0.508235294117647,0.491764705882353
"208",259,6,96,2,127,0,"GE_EsLL2","GE","Buffer50",0,0,490,259,231,0,0.471428571428571,0.528571428571429
"209",231,42,181,4,261,3,"GE_PaLH2","GE","Buffer50",0,0,722,234,488,0,0.67590027700831,0.32409972299169
"210",113,2,47,1,47,1,"GE_EsHH1","GE","Buffer50",0,0,211,114,97,0,0.459715639810427,0.540284360189573
"211",81,4,36,3,64,0,"GE_GaLL1","GE","Buffer50",0,0,188,81,107,0,0.569148936170213,0.430851063829787
"212",46,0,51,2,71,0,"GE_GaLL3","GE","Buffer50",0,0,170,46,124,0,0.729411764705882,0.270588235294118
"213",226,17,32,1,54,6,"GE_RuHx6","GE","Buffer50",5,0,341,232,104,5,0.304985337243402,0.680351906158358
"214",105,5,50,0,47,0,"GE_RuLx6","GE","Buffer50",0,0,207,105,102,0,0.492753623188406,0.507246376811594
"215",154,21,17,2,33,5,"GE_RuHx3","GE","Buffer50",0,0,232,159,73,0,0.314655172413793,0.685344827586207
"216",172,0,45,0,31,0,"GE_EsHH2","GE","Buffer50",0,0,248,172,76,0,0.306451612903226,0.693548387096774
"217",138,5,273,0,25,0,"GE_PaHH3","GE","Buffer50",0,0,441,138,303,0,0.687074829931973,0.312925170068027
"218",119,0,39,0,11,0,"GE_GaHH3","GE","Buffer50",0,0,169,119,50,0,0.29585798816568,0.70414201183432
"219",88,69,11,0,37,1,"GE_RuLx2","GE","Buffer50",0,0,206,89,117,0,0.567961165048544,0.432038834951456
"220",147,5,86,0,85,2,"GE_EsLH1","GE","Buffer50",0,0,325,149,176,0,0.541538461538462,0.458461538461538
"221",166,2,38,0,16,0,"GE_RuHx4","GE","Buffer50",0,0,222,166,56,0,0.252252252252252,0.747747747747748
"222",19,11,9,0,135,0,"GE_GaLL2","GE","Buffer50",0,0,174,19,155,0,0.890804597701149,0.109195402298851
"223",37,0,70,0,78,0,"GE_GaHL1","GE","Buffer50",0,0,185,37,148,0,0.8,0.2
"224",34,7,52,0,80,0,"GE_GaHH1","GE","Buffer50",0,0,173,34,139,0,0.803468208092486,0.196531791907514
"225",43,7,0,0,73,0,"GE_AlHH2","GE","Buffer50",0,0,123,43,80,0,0.650406504065041,0.349593495934959
"226",39,13,0,0,78,0,"GE_AlHL2","GE","Buffer50",0,0,130,39,91,0,0.7,0.3
"227",17,18,24,1,63,7,"GE_AlHH3","GE","Buffer50",0,0,130,24,106,0,0.815384615384615,0.184615384615385
"228",68,1,0,0,63,0,"GE_AlHL1","GE","Buffer50",0,0,132,68,64,0,0.484848484848485,0.515151515151515
"229",34,3,26,1,72,0,"GE_AlHL3","GE","Buffer50",0,0,136,34,102,0,0.75,0.25
"230",46,31,2,0,47,1,"GE_AlLL2","GE","Buffer50",0,0,127,47,80,0,0.62992125984252,0.37007874015748
"231",59,14,18,0,29,0,"GE_AlLL3","GE","Buffer50",0,0,120,59,61,0,0.508333333333333,0.491666666666667
"232",67,12,19,0,28,0,"GE_AlLH3","GE","Buffer50",0,0,126,67,59,0,0.468253968253968,0.531746031746032
"233",13,16,2,2,93,0,"GE_AlLH2","GE","Buffer50",0,0,126,13,113,0,0.896825396825397,0.103174603174603
"234",30,7,9,4,72,0,"GE_AlLL1","GE","Buffer50",0,0,122,30,92,0,0.754098360655738,0.245901639344262
"235",20,8,58,3,43,0,"GE_AlLH1","GE","Buffer50",0,0,132,20,112,0,0.848484848484849,0.151515151515152
"236",21,5,0,0,107,0,"GE_AlHH1","GE","Buffer50",0,0,133,21,112,0,0.842105263157895,0.157894736842105
"237",251,23,202,12,284,1,"GE_EsLL3","GE","Buffer50",2,0,775,252,521,2,0.672258064516129,0.325161290322581
"238",256,82,354,8,631,1,"GE_PaLL1","GE","Buffer50",0,0,1332,257,1075,0,0.807057057057057,0.192942942942943
"239",53,100,216,0,174,0,"GE_RuLx5","GE","Buffer50",0,0,543,53,490,0,0.902394106813996,0.0976058931860037
"240",37,1,318,1,74,0,"GE_RuLx4","GE","Buffer50",0,0,431,37,394,0,0.91415313225058,0.08584686774942
"241",799,28,160,1,492,0,"LG_EsLL2","LG","Buffer100",0,0,1480,799,681,0,0.460135135135135,0.539864864864865
"242",650,1,58,0,38,0,"LG_PaHL1","LG","Buffer100",0,0,747,650,97,0,0.129852744310576,0.870147255689424
"243",518,2,15,1,27,1,"LG_EsHL2","LG","Buffer100",0,0,564,519,45,0,0.0797872340425532,0.920212765957447
"244",352,21,36,0,422,0,"LG_PaLH2","LG","Buffer100",0,0,831,352,479,0,0.576413959085439,0.423586040914561
"245",266,10,171,0,453,0,"LG_PaLL1","LG","Buffer100",0,0,900,266,634,0,0.704444444444444,0.295555555555556
"246",1337,20,425,0,360,20,"LG_PaHH1","LG","Buffer100",731,2,2895,1357,807,731,0.278756476683938,0.46873920552677
"247",390,23,346,1,366,15,"LG_PaLL3","LG","Buffer100",0,0,1141,405,736,0,0.645048203330412,0.354951796669588
"248",214,24,83,0,404,5,"LG_PaLL2","LG","Buffer100",0,0,730,219,511,0,0.7,0.3
"249",207,193,457,1,99,11,"LG_PaLH3","LG","Buffer100",19,1,988,218,751,19,0.760121457489879,0.220647773279352
"250",529,5,111,1,158,1,"LG_PaHL3","LG","Buffer100",0,0,805,530,275,0,0.341614906832298,0.658385093167702
"251",482,13,65,0,107,0,"LG_PaHL2","LG","Buffer100",0,0,667,482,185,0,0.27736131934033,0.72263868065967
"252",537,1,36,0,36,0,"LG_EsHH2","LG","Buffer100",0,0,610,537,73,0,0.119672131147541,0.880327868852459
"253",670,4,16,0,95,2,"LG_EsHL1","LG","Buffer100",0,0,787,672,115,0,0.146124523506989,0.853875476493011
"254",185,14,200,0,465,6,"LG_EsLH1","LG","Buffer100",0,0,870,191,679,0,0.780459770114942,0.219540229885057
"255",264,10,230,7,206,7,"LG_EsLH2","LG","Buffer100",0,0,724,271,453,0,0.625690607734807,0.374309392265193
"256",215,3,182,0,175,3,"LG_EsLH3","LG","Buffer100",0,0,578,218,360,0,0.622837370242215,0.377162629757785
"257",503,32,197,0,345,10,"LG_PaLH1","LG","Buffer100",0,0,1087,513,574,0,0.528058877644894,0.471941122355106
"258",388,11,255,5,197,1,"LG_PaHH3","LG","Buffer100",0,0,857,389,468,0,0.546091015169195,0.453908984830805
"259",197,120,117,0,257,2,"LG_RuLx5","LG","Buffer100",0,0,693,199,494,0,0.712842712842713,0.287157287157287
"260",258,110,66,0,363,2,"LG_RuLx3","LG","Buffer100",0,0,799,260,539,0,0.67459324155194,0.32540675844806
"261",283,33,135,1,281,14,"LG_RuLx2","LG","Buffer100",0,0,747,297,450,0,0.602409638554217,0.397590361445783
"262",168,20,36,0,341,0,"LG_RuLx1","LG","Buffer100",0,0,565,168,397,0,0.702654867256637,0.297345132743363
"263",481,8,48,0,143,0,"LG_RuHx5","LG","Buffer100",0,0,680,481,199,0,0.292647058823529,0.707352941176471
"264",319,47,100,3,114,3,"LG_RuHx3","LG","Buffer100",0,0,586,322,264,0,0.450511945392491,0.549488054607508
"265",568,10,2,0,10,14,"LG_RuHx2","LG","Buffer100",0,0,604,582,22,0,0.0364238410596026,0.963576158940397
"266",407,8,41,0,74,0,"LG_RuHx1","LG","Buffer100",0,0,530,407,123,0,0.232075471698113,0.767924528301887
"267",429,0,12,0,16,0,"LG_GaHH1","LG","Buffer100",0,0,457,429,28,0,0.0612691466083151,0.938730853391685
"268",321,2,41,1,111,0,"LG_GaHH2","LG","Buffer100",0,0,476,321,155,0,0.32563025210084,0.67436974789916
"269",451,1,5,0,31,2,"LG_GaHH3","LG","Buffer100",0,0,490,453,37,0,0.0755102040816327,0.924489795918367
"270",442,1,26,0,31,1,"LG_GaHL1","LG","Buffer100",0,0,501,443,58,0,0.115768463073852,0.884231536926148
"271",360,0,54,0,42,0,"LG_GaHL2","LG","Buffer100",0,0,456,360,96,0,0.210526315789474,0.789473684210526
"272",429,1,18,0,49,0,"LG_GaHL3","LG","Buffer100",0,0,497,429,68,0,0.13682092555332,0.86317907444668
"273",296,0,101,1,108,0,"LG_GaLH1","LG","Buffer100",0,0,506,296,210,0,0.41501976284585,0.58498023715415
"274",205,6,161,2,113,1,"LG_GaLH2","LG","Buffer100",0,0,488,206,282,0,0.577868852459016,0.422131147540984
"275",275,3,78,1,152,2,"LG_GaLH3","LG","Buffer100",0,0,511,277,234,0,0.457925636007828,0.542074363992172
"276",168,7,109,0,188,0,"LG_GaLL2","LG","Buffer100",0,0,472,168,304,0,0.644067796610169,0.355932203389831
"277",430,30,161,0,224,8,"LG_PaHH2","LG","Buffer100",0,0,853,438,415,0,0.48651817116061,0.51348182883939
"278",271,39,171,0,252,4,"LG_RuLx6","LG","Buffer100",0,0,737,275,462,0,0.626865671641791,0.373134328358209
"279",427,3,11,0,27,0,"LG_RuHx4","LG","Buffer100",0,0,468,427,41,0,0.0876068376068376,0.912393162393162
"280",106,13,272,0,187,0,"LG_RuLx4","LG","Buffer100",0,0,578,106,472,0,0.816608996539792,0.183391003460208
"281",206,3,150,3,251,0,"LG_RuHx6","LG","Buffer100",0,0,613,206,407,0,0.66394779771615,0.33605220228385
"282",264,1,63,0,160,0,"LG_GaLL3","LG","Buffer100",0,0,488,264,224,0,0.459016393442623,0.540983606557377
"283",509,0,21,0,20,0,"LG_EsHL3","LG","Buffer100",0,0,550,509,41,0,0.0745454545454545,0.925454545454545
"284",243,7,134,1,250,0,"LG_EsLL1","LG","Buffer100",0,0,635,243,392,0,0.617322834645669,0.382677165354331
"285",348,3,59,1,184,2,"LG_EsHH3","LG","Buffer100",0,0,597,350,247,0,0.413735343383585,0.586264656616415
"286",406,5,69,0,364,0,"LG_EsLL3","LG","Buffer100",0,0,844,406,438,0,0.518957345971564,0.481042654028436
"287",163,33,30,0,260,0,"LG_AlLx2","LG","Buffer100",0,0,486,163,323,0,0.664609053497942,0.335390946502058
"288",230,80,59,0,3,16,"LG_AlHx4","LG","Buffer100",0,0,388,246,142,0,0.365979381443299,0.634020618556701
"289",340,7,26,0,105,0,"LG_AlHx6","LG","Buffer100",0,0,478,340,138,0,0.288702928870293,0.711297071129707
"290",190,1,80,0,113,0,"LG_AlHx5","LG","Buffer100",0,0,384,190,194,0,0.505208333333333,0.494791666666667
"291",341,0,18,0,34,0,"LG_AlHx3","LG","Buffer100",0,0,393,341,52,0,0.132315521628499,0.867684478371501
"292",361,0,4,0,24,0,"LG_AlHx1","LG","Buffer100",0,0,389,361,28,0,0.0719794344473008,0.928020565552699
"293",199,2,105,0,81,0,"LG_AlHx2","LG","Buffer100",0,0,387,199,188,0,0.48578811369509,0.51421188630491
"294",139,3,91,0,268,0,"LG_AlLx1","LG","Buffer100",0,0,501,139,362,0,0.722554890219561,0.277445109780439
"295",157,3,129,1,109,0,"LG_AlLx5","LG","Buffer100",0,0,399,157,242,0,0.606516290726817,0.393483709273183
"296",84,7,91,0,214,0,"LG_AlLx3","LG","Buffer100",0,0,396,84,312,0,0.787878787878788,0.212121212121212
"297",186,2,175,0,67,4,"LG_AlLx4","LG","Buffer100",0,0,434,190,244,0,0.56221198156682,0.43778801843318
"298",157,11,41,0,185,0,"LG_AlLx6","LG","Buffer100",0,0,394,157,237,0,0.601522842639594,0.398477157360406
"299",116,18,23,0,316,0,"LG_GaLL1","LG","Buffer100",0,0,473,116,357,0,0.754756871035941,0.245243128964059
"300",491,7,126,0,224,0,"LH_EsHH1","LG","Buffer100",0,0,848,491,357,0,0.420990566037736,0.579009433962264
"301",1769,63,377,1,1015,2,"LG_EsLL2","LG","Buffer200",0,0,3227,1771,1456,0,0.45119305856833,0.54880694143167
"302",1827,5,75,0,134,3,"LG_PaHL1","LG","Buffer200",0,0,2044,1830,214,0,0.104696673189824,0.895303326810176
"303",1484,4,86,3,156,7,"LG_EsHL2","LG","Buffer200",0,0,1740,1491,249,0,0.143103448275862,0.856896551724138
"304",762,43,160,0,1224,0,"LG_PaLH2","LG","Buffer200",0,0,2189,762,1427,0,0.651895842850617,0.348104157149383
"305",635,37,553,0,1097,0,"LG_PaLL1","LG","Buffer200",2,0,2324,635,1687,2,0.725903614457831,0.273235800344234
"306",2634,28,445,0,393,42,"LG_PaHH1","LG","Buffer200",1913,3,5458,2676,869,1913,0.15921582997435,0.490289483327226
"307",1138,67,628,1,831,16,"LG_PaLL3","LG","Buffer200",0,0,2681,1154,1527,0,0.569563595673256,0.430436404326744
"308",501,56,265,0,1196,7,"LG_PaLL2","LG","Buffer200",0,0,2025,508,1517,0,0.749135802469136,0.250864197530864
"309",794,332,1105,1,128,45,"LG_PaLH3","LG","Buffer200",37,1,2443,839,1567,37,0.641424478100696,0.343430208759722
"310",1410,9,327,5,396,1,"LG_PaHL3","LG","Buffer200",0,0,2148,1411,737,0,0.343109869646183,0.656890130353817
"311",1581,21,122,0,171,14,"LG_PaHL2","LG","Buffer200",0,0,1909,1595,314,0,0.164484023048717,0.835515976951283
"312",1504,4,142,0,168,2,"LG_EsHH2","LG","Buffer200",0,0,1820,1506,314,0,0.172527472527473,0.827472527472527
"313",1827,15,61,0,189,15,"LG_EsHL1","LG","Buffer200",0,0,2107,1842,265,0,0.125771238728049,0.874228761271951
"314",662,37,462,0,1074,7,"LG_EsLH1","LG","Buffer200",0,0,2242,669,1573,0,0.701605709188225,0.298394290811775
"315",636,17,642,11,677,26,"LG_EsLH2","LG","Buffer200",0,0,2009,662,1347,0,0.670482827277252,0.329517172722748
"316",675,18,573,4,468,19,"LG_EsLH3","LG","Buffer200",0,0,1757,694,1063,0,0.605008537279454,0.394991462720546
"317",1018,147,563,0,869,14,"LG_PaLH1","LG","Buffer200",0,0,2611,1032,1579,0,0.604749138261203,0.395250861738797
"318",1277,24,490,14,418,16,"LG_PaHH3","LG","Buffer200",0,0,2239,1293,946,0,0.422510049129075,0.577489950870924
"319",650,198,411,1,691,2,"LG_RuLx5","LG","Buffer200",0,0,1953,652,1301,0,0.666154633896569,0.333845366103431
"320",740,169,512,0,715,10,"LG_RuLx3","LG","Buffer200",0,0,2146,750,1396,0,0.650512581547064,0.349487418452936
"321",885,68,430,2,667,15,"LG_RuLx2","LG","Buffer200",0,0,2067,900,1167,0,0.564586357039187,0.435413642960813
"322",551,34,123,0,1029,0,"LG_RuLx1","LG","Buffer200",0,0,1737,551,1186,0,0.682786413356362,0.317213586643638
"323",1523,14,138,0,262,8,"LG_RuHx5","LG","Buffer200",0,0,1945,1531,414,0,0.212853470437018,0.787146529562982
"324",865,115,421,4,366,6,"LG_RuHx3","LG","Buffer200",0,0,1777,871,906,0,0.509848058525605,0.490151941474395
"325",1531,22,68,0,171,15,"LG_RuHx2","LG","Buffer200",0,0,1807,1546,261,0,0.144438295517432,0.855561704482568
"326",1227,15,170,0,244,2,"LG_RuHx1","LG","Buffer200",0,0,1658,1229,429,0,0.258745476477684,0.741254523522316
"327",1275,8,131,0,120,1,"LG_GaHH1","LG","Buffer200",0,0,1535,1276,259,0,0.168729641693811,0.831270358306189
"328",1074,14,103,1,374,1,"LG_GaHH2","LG","Buffer200",0,0,1567,1075,492,0,0.313975749840459,0.68602425015954
"329",1453,11,26,0,99,3,"LG_GaHH3","LG","Buffer200",0,0,1592,1456,136,0,0.085427135678392,0.914572864321608
"330",1372,3,65,0,170,2,"LG_GaHL1","LG","Buffer200",0,0,1612,1374,238,0,0.147642679900744,0.852357320099256
"331",1099,9,209,0,226,2,"LG_GaHL2","LG","Buffer200",0,0,1545,1101,444,0,0.287378640776699,0.712621359223301
"332",1488,3,42,1,79,0,"LG_GaHL3","LG","Buffer200",0,0,1613,1488,125,0,0.0774953502789833,0.922504649721017
"333",772,11,506,1,327,1,"LG_GaLH1","LG","Buffer200",0,0,1618,773,845,0,0.522249690976514,0.477750309023486
"334",477,21,738,4,348,3,"LG_GaLH2","LG","Buffer200",0,0,1591,480,1111,0,0.698302954116908,0.301697045883092
"335",695,16,387,5,518,4,"LG_GaLH3","LG","Buffer200",0,1,1626,699,927,0,0.570110701107011,0.429889298892989
"336",698,18,287,0,562,2,"LG_GaLL2","LG","Buffer200",0,0,1567,700,867,0,0.553286534779834,0.446713465220166
"337",1289,117,244,0,559,16,"LG_PaHH2","LG","Buffer200",0,0,2225,1305,920,0,0.413483146067416,0.586516853932584
"338",913,163,489,2,506,7,"LG_RuLx6","LG","Buffer200",0,0,2080,920,1160,0,0.557692307692308,0.442307692307692
"339",1469,7,20,0,69,0,"LG_RuHx4","LG","Buffer200",0,0,1565,1469,96,0,0.0613418530351438,0.938658146964856
"340",421,47,619,0,660,3,"LG_RuLx4","LG","Buffer200",0,0,1750,424,1326,0,0.757714285714286,0.242285714285714
"341",747,9,382,4,677,0,"LG_RuHx6","LG","Buffer200",0,0,1819,747,1072,0,0.589334799340297,0.410665200659703
"342",465,8,510,0,604,4,"LG_GaLL3","LG","Buffer200",2,0,1593,469,1122,2,0.704331450094162,0.294413057124922
"343",1566,10,56,0,68,5,"LG_EsHL3","LG","Buffer200",0,0,1705,1571,134,0,0.0785923753665689,0.921407624633431
"344",622,36,464,2,726,0,"LG_EsLL1","LG","Buffer200",0,0,1850,622,1228,0,0.663783783783784,0.336216216216216
"345",1043,13,231,2,487,11,"LG_EsHH3","LG","Buffer200",0,0,1787,1054,733,0,0.410184667039731,0.589815332960269
"346",1319,10,311,1,570,0,"LG_EsLL3","LG","Buffer200",0,0,2211,1319,892,0,0.403437358661239,0.596562641338761
"347",543,117,207,0,720,0,"LG_AlLx2","LG","Buffer200",0,0,1587,543,1044,0,0.657844990548204,0.342155009451796
"348",785,185,357,0,43,35,"LG_AlHx4","LG","Buffer200",8,0,1413,820,585,8,0.414012738853503,0.580325548478415
"349",1284,8,99,0,184,0,"LG_AlHx6","LG","Buffer200",0,0,1575,1284,291,0,0.184761904761905,0.815238095238095
"350",807,8,181,0,409,0,"LG_AlHx5","LG","Buffer200",0,0,1405,807,598,0,0.425622775800712,0.574377224199288
"351",1148,3,116,0,150,0,"LG_AlHx3","LG","Buffer200",0,0,1417,1148,269,0,0.189837685250529,0.810162314749471
"352",1271,10,27,0,103,1,"LG_AlHx1","LG","Buffer200",0,0,1412,1272,140,0,0.0991501416430595,0.900849858356941
"353",766,8,313,5,332,1,"LG_AlHx2","LG","Buffer200",0,0,1425,767,658,0,0.461754385964912,0.538245614035088
"354",804,8,240,1,568,0,"LG_AlLx1","LG","Buffer200",0,0,1621,804,817,0,0.504009870450339,0.495990129549661
"355",470,12,558,2,381,0,"LG_AlLx5","LG","Buffer200",0,0,1423,470,953,0,0.669711876317639,0.330288123682361
"356",394,24,501,0,499,0,"LG_AlLx3","LG","Buffer200",0,0,1418,394,1024,0,0.722143864598025,0.277856135401975
"357",674,25,523,0,258,9,"LG_AlLx4","LG","Buffer200",0,0,1489,683,806,0,0.541302887844191,0.458697112155809
"358",618,35,232,1,530,0,"LG_AlLx6","LG","Buffer200",0,0,1416,618,798,0,0.563559322033898,0.436440677966102
"359",380,56,234,0,898,1,"LG_GaLL1","LG","Buffer200",0,0,1569,381,1188,0,0.75717017208413,0.24282982791587
"360",1584,9,168,1,445,2,"LH_EsHH1","LG","Buffer200",0,0,2209,1586,623,0,0.282028066998642,0.717971933001358
"361",3921,168,1454,3,3032,14,"LG_EsLL2","LG","Buffer400",3,0,8595,3935,4657,3,0.541826643397324,0.45782431646306
"362",5507,17,368,1,625,6,"LG_PaHL1","LG","Buffer400",0,0,6524,5513,1011,0,0.154966278356836,0.845033721643164
"363",3653,34,879,24,686,55,"LG_EsHL2","LG","Buffer400",646,2,5979,3708,1625,646,0.271784579361097,0.620170597089814
"364",1761,154,1350,1,3516,6,"LG_PaLH2","LG","Buffer400",0,0,6788,1767,5021,0,0.739687684148497,0.260312315851503
"365",1369,123,2513,0,3023,14,"LG_PaLL1","LG","Buffer400",5,0,7047,1383,5659,5,0.803036753228324,0.196253724989357
"366",5930,44,498,1,492,64,"LG_PaHH1","LG","Buffer400",5341,5,12375,5994,1040,5341,0.084040404040404,0.484363636363636
"367",3619,175,1315,5,1606,32,"LG_PaLL3","LG","Buffer400",896,3,7651,3651,3104,896,0.405698601490001,0.477192523853091
"368",1663,169,1152,3,3506,15,"LG_PaLL2","LG","Buffer400",0,0,6508,1678,4830,0,0.742163491087892,0.257836508912108
"369",2042,756,3148,2,239,88,"LG_PaLH3","LG","Buffer400",957,2,7234,2130,4147,957,0.573265136853746,0.294442908487697
"370",4277,52,982,21,1348,30,"LG_PaHL3","LG","Buffer400",0,0,6710,4307,2403,0,0.358122205663189,0.641877794336811
"371",5548,41,232,0,448,17,"LG_PaHL2","LG","Buffer400",0,0,6286,5565,721,0,0.114699331848552,0.885300668151448
"372",4686,17,528,0,878,3,"LG_EsHH2","LG","Buffer400",0,0,6112,4689,1423,0,0.232820680628272,0.767179319371728
"373",5300,56,482,4,802,18,"LG_EsHL1","LG","Buffer400",0,0,6662,5318,1344,0,0.201741218853197,0.798258781146803
"374",2299,89,1564,2,2922,10,"LG_EsLH1","LG","Buffer400",0,0,6886,2309,4577,0,0.664681963404008,0.335318036595992
"375",2375,52,2204,14,1769,56,"LG_EsLH2","LG","Buffer400",0,1,6471,2431,4040,0,0.624323906660485,0.375676093339515
"376",1322,58,3357,8,1212,53,"LG_EsLH3","LG","Buffer400",1,0,6011,1375,4635,1,0.771086341706871,0.228747296622858
"377",2367,450,2091,7,2575,46,"LG_PaLH1","LG","Buffer400",0,0,7536,2413,5123,0,0.679803609341826,0.320196390658174
"378",3881,62,1546,38,1328,41,"LG_PaHH3","LG","Buffer400",0,0,6896,3922,2974,0,0.431264501160093,0.568735498839907
"379",2339,629,1143,5,2233,17,"LG_RuLx5","LG","Buffer400",0,0,6366,2356,4010,0,0.629908890983349,0.370091109016651
"380",2609,298,1726,3,2036,43,"LG_RuLx3","LG","Buffer400",0,0,6715,2652,4063,0,0.605063291139241,0.394936708860759
"381",2753,191,1327,6,1502,27,"LG_RuLx2","LG","Buffer400",791,2,6599,2780,3028,791,0.458857402636763,0.421275950901652
"382",1382,117,1540,2,2924,2,"LG_RuLx1","LG","Buffer400",0,0,5967,1384,4583,0,0.768057650410592,0.231942349589408
"383",4731,42,591,1,982,8,"LG_RuHx5","LG","Buffer400",0,0,6355,4739,1616,0,0.254287962234461,0.745712037765539
"384",2776,380,1462,8,1260,12,"LG_RuHx3","LG","Buffer400",152,1,6051,2788,3111,152,0.514129895884978,0.460750289208395
"385",5258,42,271,0,505,17,"LG_RuHx2","LG","Buffer400",0,0,6093,5275,818,0,0.134252420810766,0.865747579189234
"386",3969,82,586,0,1167,8,"LG_RuHx1","LG","Buffer400",0,0,5812,3977,1835,0,0.315726083964212,0.684273916035788
"387",3673,81,581,1,1223,12,"LG_GaHH1","LG","Buffer400",0,0,5571,3685,1886,0,0.338538861963741,0.661461138036259
"388",3520,63,407,1,1648,3,"LG_GaHH2","LG","Buffer400",0,0,5642,3523,2119,0,0.375576036866359,0.624423963133641
"389",4822,46,260,2,518,17,"LG_GaHH3","LG","Buffer400",0,0,5665,4839,826,0,0.145807590467785,0.854192409532215
"390",4454,19,470,0,770,3,"LG_GaHL1","LG","Buffer400",0,0,5716,4457,1259,0,0.220258922323303,0.779741077676697
"391",3379,59,1008,0,1149,9,"LG_GaHL2","LG","Buffer400",0,0,5604,3388,2216,0,0.395431834403997,0.604568165596003
"392",4749,37,330,13,459,46,"LG_GaHL3","LG","Buffer400",93,2,5729,4795,841,93,0.146796997730843,0.836969802757898
"393",2649,87,1020,2,1973,4,"LG_GaLH1","LG","Buffer400",0,0,5735,2653,3082,0,0.537401918047079,0.462598081952921
"394",1217,57,2902,7,1477,21,"LG_GaLH2","LG","Buffer400",0,0,5681,1238,4443,0,0.782080619609224,0.217919380390776
"395",1762,43,2100,14,1788,32,"LG_GaLH3","LG","Buffer400",15,1,5755,1794,3946,15,0.685664639443962,0.311728931364031
"396",1530,68,1768,16,2237,21,"LG_GaLL2","LG","Buffer400",0,0,5640,1551,4089,0,0.725,0.275
"397",4746,193,537,0,1363,27,"LG_PaHH2","LG","Buffer400",0,0,6866,4773,2093,0,0.304835420914652,0.695164579085348
"398",3103,459,1529,6,1536,17,"LG_RuLx6","LG","Buffer400",0,0,6650,3120,3530,0,0.530827067669173,0.469172932330827
"399",4824,43,172,3,368,44,"LG_RuHx4","LG","Buffer400",181,0,5635,4868,586,181,0.103992901508429,0.863886424134871
"400",2054,177,1824,3,1900,21,"LG_RuLx4","LG","Buffer400",0,0,5979,2075,3904,0,0.652951998661984,0.347048001338016
"401",3402,40,1000,13,1673,3,"LG_RuHx6","LG","Buffer400",0,0,6131,3405,2726,0,0.444625672810308,0.555374327189692
"402",1100,30,2883,1,1660,9,"LG_GaLL3","LG","Buffer400",4,1,5688,1109,4575,4,0.804324894514768,0.194971870604782
"403",4969,67,300,1,542,26,"LG_EsHL3","LG","Buffer400",0,0,5905,4995,910,0,0.154106689246401,0.845893310753599
"404",1744,89,1707,10,2596,5,"LG_EsLL1","LG","Buffer400",0,0,6151,1749,4402,0,0.715655990895789,0.284344009104211
"405",3191,53,1034,2,1755,13,"LG_EsHH3","LG","Buffer400",0,0,6048,3204,2844,0,0.470238095238095,0.529761904761905
"406",4264,123,792,4,1617,21,"LG_EsLL3","LG","Buffer400",0,0,6821,4285,2536,0,0.371792992229878,0.628207007770122
"407",1565,604,1239,7,2243,4,"LG_AlLx2","LG","Buffer400",0,0,5662,1569,4093,0,0.722889438361003,0.277110561638997
"408",2336,639,1251,1,182,80,"LG_AlHx4","LG","Buffer400",874,2,5365,2416,2075,874,0.386766076421249,0.450326188257223
"409",4183,38,535,1,888,8,"LG_AlHx6","LG","Buffer400",0,0,5653,4191,1462,0,0.258623739607288,0.741376260392712
"410",3067,24,758,0,1470,4,"LG_AlHx5","LG","Buffer400",0,0,5323,3071,2252,0,0.423069697538982,0.576930302461018
"411",4082,14,437,0,815,2,"LG_AlHx3","LG","Buffer400",0,0,5350,4084,1266,0,0.236635514018692,0.763364485981308
"412",4158,45,324,4,793,14,"LG_AlHx1","LG","Buffer400",0,0,5338,4172,1166,0,0.218433870363432,0.781566129636568
"413",3045,47,1044,22,1181,21,"LG_AlHx2","LG","Buffer400",0,0,5360,3066,2294,0,0.427985074626866,0.572014925373134
"414",3438,53,763,4,1476,10,"LG_AlLx1","LG","Buffer400",0,0,5744,3448,2296,0,0.399721448467967,0.600278551532033
"415",1697,47,2184,15,1390,19,"LG_AlLx5","LG","Buffer400",4,1,5357,1716,3637,4,0.678924771327235,0.320328542094456
"416",1904,202,1397,1,1828,21,"LG_AlLx3","LG","Buffer400",0,0,5353,1925,3428,0,0.640388567158603,0.359611432841397
"417",2439,199,1352,0,1463,41,"LG_AlLx4","LG","Buffer400",0,0,5494,2480,3014,0,0.548598471059337,0.451401528940663
"418",2069,133,1241,3,1878,11,"LG_AlLx6","LG","Buffer400",5,0,5340,2080,3255,5,0.609550561797753,0.389513108614232
"419",1355,199,1258,0,2825,7,"LG_GaLL1","LG","Buffer400",0,0,5644,1362,4282,0,0.758681785967399,0.241318214032601
"420",4813,28,660,1,1306,11,"LH_EsHH1","LG","Buffer400",0,0,6819,4824,1995,0,0.292564892212934,0.707435107787066
"421",404,14,87,0,337,0,"LG_EsLL2","LG","Buffer50",0,0,842,404,438,0,0.520190023752969,0.479809976247031
"422",254,1,50,0,31,0,"LG_PaHL1","LG","Buffer50",0,0,336,254,82,0,0.244047619047619,0.755952380952381
"423",207,0,4,0,1,0,"LG_EsHL2","LG","Buffer50",0,0,212,207,5,0,0.0235849056603774,0.976415094339623
"424",141,16,12,0,217,0,"LG_PaLH2","LG","Buffer50",0,0,386,141,245,0,0.634715025906736,0.365284974093264
"425",133,7,92,0,197,0,"LG_PaLL1","LG","Buffer50",0,0,429,133,296,0,0.68997668997669,0.31002331002331
"426",151,11,161,0,279,6,"LG_PaLL3","LG","Buffer50",0,0,608,157,451,0,0.741776315789474,0.258223684210526
"427",100,11,45,0,158,5,"LG_PaLL2","LG","Buffer50",0,0,319,105,214,0,0.670846394984326,0.329153605015674
"428",108,123,192,0,68,1,"LG_PaLH3","LG","Buffer50",4,0,496,109,383,4,0.772177419354839,0.219758064516129
"429",247,2,30,0,87,1,"LG_PaHL3","LG","Buffer50",0,0,367,248,119,0,0.32425068119891,0.67574931880109
"430",188,7,42,0,45,0,"LG_PaHL2","LG","Buffer50",0,0,282,188,94,0,0.333333333333333,0.666666666666667
"431",195,0,27,0,22,0,"LG_EsHH2","LG","Buffer50",0,0,244,195,49,0,0.200819672131148,0.799180327868853
"432",278,4,7,0,64,1,"LG_EsHL1","LG","Buffer50",0,0,354,279,75,0,0.211864406779661,0.788135593220339
"433",67,7,78,0,268,0,"LG_EsLH1","LG","Buffer50",0,0,420,67,353,0,0.84047619047619,0.15952380952381
"434",140,4,81,4,86,0,"LG_EsLH2","LG","Buffer50",0,0,315,140,175,0,0.555555555555556,0.444444444444444
"435",73,1,58,0,91,0,"LG_EsLH3","LG","Buffer50",0,0,223,73,150,0,0.672645739910314,0.327354260089686
"436",186,3,110,1,100,0,"LG_PaHH3","LG","Buffer50",0,0,400,186,214,0,0.535,0.465
"437",55,87,12,0,140,1,"LG_RuLx5","LG","Buffer50",0,0,295,56,239,0,0.810169491525424,0.189830508474576
"438",72,67,19,0,201,2,"LG_RuLx3","LG","Buffer50",0,0,361,74,287,0,0.795013850415512,0.204986149584488
"439",98,17,79,0,119,10,"LG_RuLx2","LG","Buffer50",0,0,323,108,215,0,0.665634674922601,0.334365325077399
"440",48,8,16,0,145,0,"LG_RuLx1","LG","Buffer50",0,0,217,48,169,0,0.778801843317972,0.221198156682028
"441",166,7,9,0,104,0,"LG_RuHx5","LG","Buffer50",0,0,286,166,120,0,0.41958041958042,0.58041958041958
"442",126,12,28,1,51,3,"LG_RuHx3","LG","Buffer50",0,0,221,129,92,0,0.416289592760181,0.583710407239819
"443",221,6,0,0,9,4,"LG_RuHx2","LG","Buffer50",0,0,240,225,15,0,0.0625,0.9375
"444",157,6,4,0,31,0,"LG_RuHx1","LG","Buffer50",0,0,198,157,41,0,0.207070707070707,0.792929292929293
"445",143,0,4,0,7,0,"LG_GaHH1","LG","Buffer50",0,0,154,143,11,0,0.0714285714285714,0.928571428571429
"446",108,0,13,1,43,0,"LG_GaHH2","LG","Buffer50",0,0,165,108,57,0,0.345454545454545,0.654545454545455
"447",158,0,1,0,14,0,"LG_GaHH3","LG","Buffer50",0,0,173,158,15,0,0.0867052023121387,0.913294797687861
"448",171,0,6,0,2,0,"LG_GaHL1","LG","Buffer50",0,0,179,171,8,0,0.0446927374301676,0.955307262569832
"449",97,0,36,0,17,0,"LG_GaHL2","LG","Buffer50",0,0,150,97,53,0,0.353333333333333,0.646666666666667
"450",160,0,5,0,11,0,"LG_GaHL3","LG","Buffer50",0,0,176,160,16,0,0.0909090909090909,0.909090909090909
"451",109,0,24,1,50,0,"LG_GaLH1","LG","Buffer50",0,0,184,109,75,0,0.407608695652174,0.592391304347826
"452",72,2,56,1,42,1,"LG_GaLH2","LG","Buffer50",0,0,174,73,101,0,0.580459770114943,0.419540229885057
"453",96,1,28,0,61,0,"LG_GaLH3","LG","Buffer50",0,0,186,96,90,0,0.483870967741935,0.516129032258065
"454",50,2,16,0,95,0,"LG_GaLL2","LG","Buffer50",0,0,163,50,113,0,0.693251533742331,0.306748466257669
"455",166,8,128,0,94,0,"LG_PaHH2","LG","Buffer50",0,0,396,166,230,0,0.580808080808081,0.419191919191919
"456",84,21,66,0,130,0,"LG_RuLx6","LG","Buffer50",0,0,301,84,217,0,0.720930232558139,0.27906976744186
"457",133,1,7,0,17,0,"LG_RuHx4","LG","Buffer50",0,0,158,133,25,0,0.158227848101266,0.841772151898734
"458",12,3,147,0,66,0,"LG_RuLx4","LG","Buffer50",0,0,228,12,216,0,0.947368421052632,0.0526315789473684
"459",115,2,55,1,71,0,"LG_RuHx6","LG","Buffer50",0,0,244,115,129,0,0.528688524590164,0.471311475409836
"460",104,0,6,0,60,0,"LG_GaLL3","LG","Buffer50",0,0,170,104,66,0,0.388235294117647,0.611764705882353
"461",194,0,10,0,4,0,"LG_EsHL3","LG","Buffer50",0,0,208,194,14,0,0.0673076923076923,0.932692307692308
"462",108,3,45,1,106,0,"LG_EsLL1","LG","Buffer50",0,0,263,108,155,0,0.5893536121673,0.4106463878327
"463",145,2,14,0,76,1,"LG_EsHH3","LG","Buffer50",0,0,238,146,92,0,0.38655462184874,0.613445378151261
"464",191,3,13,0,189,0,"LG_EsLL3","LG","Buffer50",0,0,396,191,205,0,0.517676767676768,0.482323232323232
"465",68,16,8,0,79,0,"LG_AlLx2","LG","Buffer50",0,0,171,68,103,0,0.60233918128655,0.39766081871345
"466",66,32,7,0,0,7,"LG_AlHx4","LG","Buffer50",0,0,112,73,39,0,0.348214285714286,0.651785714285714
"467",107,6,7,0,45,0,"LG_AlHx6","LG","Buffer50",0,0,165,107,58,0,0.351515151515152,0.648484848484848
"468",53,0,12,0,47,0,"LG_AlHx5","LG","Buffer50",0,0,112,53,59,0,0.526785714285714,0.473214285714286
"469",107,0,5,0,4,0,"LG_AlHx3","LG","Buffer50",0,0,116,107,9,0,0.0775862068965517,0.922413793103448
"470",95,0,3,0,16,0,"LG_AlHx1","LG","Buffer50",0,0,114,95,19,0,0.166666666666667,0.833333333333333
"471",54,1,26,0,32,0,"LG_AlHx2","LG","Buffer50",0,0,113,54,59,0,0.52212389380531,0.47787610619469
"472",31,1,36,0,109,0,"LG_AlLx1","LG","Buffer50",0,0,177,31,146,0,0.824858757062147,0.175141242937853
"473",23,0,64,0,33,0,"LG_AlLx5","LG","Buffer50",0,0,120,23,97,0,0.808333333333333,0.191666666666667
"474",16,4,5,0,95,0,"LG_AlLx3","LG","Buffer50",0,0,120,16,104,0,0.866666666666667,0.133333333333333
"475",64,1,27,0,47,1,"LG_AlLx4","LG","Buffer50",0,0,140,65,75,0,0.535714285714286,0.464285714285714
"476",47,8,6,0,59,0,"LG_AlLx6","LG","Buffer50",0,0,120,47,73,0,0.608333333333333,0.391666666666667
"477",33,0,1,0,127,0,"LG_GaLL1","LG","Buffer50",0,0,161,33,128,0,0.795031055900621,0.204968944099379
"478",222,4,91,0,85,0,"LH_EsHH1","LG","Buffer50",0,0,402,222,180,0,0.447761194029851,0.552238805970149
"479",123,1,0,0,22,0,"LG_AlHx7","LG","Buffer50",0,0,146,123,23,0,0.157534246575342,0.842465753424658
"480",744,18,406,0,296,18,"LG_PaHH1","LG","Buffer50",319,2,1803,762,722,319,0.400443704936217,0.422628951747088
"481",792,4,114,0,73,0,"ZH_PaHL3","ZH","Buffer100",0,0,983,792,191,0,0.194303153611394,0.805696846388606
"482",877,6,173,0,108,0,"ZH_PaHL1","ZH","Buffer100",0,0,1164,877,287,0,0.246563573883162,0.753436426116838
"483",421,57,353,1,381,0,"ZH_PaLL1","ZH","Buffer100",0,0,1213,421,792,0,0.652926628194559,0.347073371805441
"484",924,14,22,0,43,3,"ZH_PaHH2","ZH","Buffer100",0,0,1006,927,79,0,0.0785288270377734,0.921471172962227
"485",496,0,27,0,0,0,"ZH_PaHL2","ZH","Buffer100",0,0,523,496,27,0,0.0516252390057361,0.948374760994264
"486",449,0,85,0,85,0,"ZH_PaLL2","ZH","Buffer100",0,0,619,449,170,0,0.274636510500808,0.725363489499192
"487",828,3,243,0,27,0,"ZH_PaHH1","ZH","Buffer100",0,0,1101,828,273,0,0.247956403269755,0.752043596730245
"488",457,6,364,0,68,0,"ZH_PaLH1","ZH","Buffer100",0,0,895,457,438,0,0.489385474860335,0.510614525139665
"489",602,9,13,0,135,0,"ZH_PaHH3","ZH","Buffer100",0,0,759,602,157,0,0.206851119894598,0.793148880105402
"490",430,10,555,0,535,0,"ZH_PaLL3","ZH","Buffer100",0,0,1530,430,1100,0,0.718954248366013,0.281045751633987
"491",717,25,404,1,227,2,"ZH_PaLH3","ZH","Buffer100",0,0,1376,719,657,0,0.477470930232558,0.522529069767442
"492",990,80,390,0,710,0,"ZH_EsHL1","ZH","Buffer100",2,0,2172,990,1180,2,0.543278084714549,0.455801104972376
"493",802,1,30,0,57,0,"ZH_EsHH1","ZH","Buffer100",0,0,890,802,88,0,0.098876404494382,0.901123595505618
"494",685,117,133,0,314,2,"ZH_EsHL2","ZH","Buffer100",0,0,1251,687,564,0,0.45083932853717,0.54916067146283
"495",173,19,337,1,230,0,"ZH_EsLH1","ZH","Buffer100",0,0,760,173,587,0,0.772368421052632,0.227631578947368
"496",592,100,372,3,866,3,"ZH_EsLH3","ZH","Buffer100",0,0,1936,595,1341,0,0.692665289256198,0.307334710743802
"497",734,21,118,0,88,0,"ZH_EsHH2","ZH","Buffer100",0,0,961,734,227,0,0.236212278876171,0.763787721123829
"498",537,22,200,0,144,0,"ZH_EsLL3","ZH","Buffer100",0,0,903,537,366,0,0.40531561461794,0.59468438538206
"499",362,14,401,0,271,2,"ZH_EsLL2","ZH","Buffer100",6,0,1056,364,686,6,0.649621212121212,0.34469696969697
"500",575,16,177,0,185,0,"ZH_EsLL1","ZH","Buffer100",1,0,954,575,378,1,0.39622641509434,0.60272536687631
"501",481,0,131,0,45,0,"ZH_EsHH3","ZH","Buffer100",0,0,657,481,176,0,0.267884322678843,0.732115677321157
"502",244,12,223,0,132,0,"Zh_RuLx3","ZH","Buffer100",134,0,745,244,367,134,0.49261744966443,0.32751677852349
"503",178,1,182,0,46,0,"ZH_RuHx4","ZH","Buffer100",0,0,407,178,229,0,0.562653562653563,0.437346437346437
"504",474,12,244,1,207,0,"Zh_RuLx4","ZH","Buffer100",0,0,938,474,464,0,0.494669509594883,0.505330490405117
"505",407,4,81,0,31,0,"ZH_RuLx2","ZH","Buffer100",0,0,523,407,116,0,0.221797323135755,0.778202676864245
"506",499,5,5,0,14,0,"ZH_RuHx6","ZH","Buffer100",0,0,523,499,24,0,0.0458891013384321,0.954110898661568
"507",185,21,72,0,175,0,"ZH_RuLx6","ZH","Buffer100",115,0,568,185,268,115,0.471830985915493,0.325704225352113
"508",884,199,301,0,325,15,"ZH_RuHx1","ZH","Buffer100",9,0,1733,899,825,9,0.476053087132141,0.518753606462781
"509",311,2,80,0,15,0,"ZH_RuLx1","ZH","Buffer100",0,0,408,311,97,0,0.237745098039216,0.762254901960784
"510",222,21,208,1,55,0,"ZH_RuLx4","ZH","Buffer100",0,0,507,222,285,0,0.562130177514793,0.437869822485207
"511",613,1,3,0,12,0,"ZH_RuHx2","ZH","Buffer100",0,0,629,613,16,0,0.0254372019077901,0.97456279809221
"512",405,4,29,0,124,0,"ZH_RuHx3","ZH","Buffer100",0,0,562,405,157,0,0.279359430604982,0.720640569395018
"513",705,69,17,0,72,6,"ZH_RuHx5","ZH","Buffer100",0,0,869,711,158,0,0.181818181818182,0.818181818181818
"514",487,0,12,0,8,0,"ZH_EsHL3","ZH","Buffer100",0,0,507,487,20,0,0.0394477317554241,0.960552268244576
"515",51,4,321,0,152,0,"ZH_GaLL2","ZH","Buffer100",0,0,528,51,477,0,0.903409090909091,0.0965909090909091
"516",62,0,349,0,69,0,"ZH_GaLL3","ZH","Buffer100",0,0,480,62,418,0,0.870833333333333,0.129166666666667
"517",109,2,323,0,105,0,"ZH_GaLH1","ZH","Buffer100",0,0,539,109,430,0,0.797773654916512,0.202226345083488
"518",215,2,215,0,31,0,"ZH_GaLH2","ZH","Buffer100",0,0,463,215,248,0,0.535637149028078,0.464362850971922
"519",377,0,74,0,3,0,"ZH_GaHL1","ZH","Buffer100",0,0,454,377,77,0,0.169603524229075,0.830396475770925
"520",362,0,68,0,14,0,"ZH_GaHL2","ZH","Buffer100",0,0,444,362,82,0,0.184684684684685,0.815315315315315
"521",183,1,235,0,76,0,"ZH_GaHL3","ZH","Buffer100",0,0,495,183,312,0,0.63030303030303,0.36969696969697
"522",317,0,136,0,30,0,"ZH_GaHH1","ZH","Buffer100",0,0,483,317,166,0,0.343685300207039,0.656314699792961
"523",265,0,95,0,78,0,"ZH_GaHH2","ZH","Buffer100",0,0,438,265,173,0,0.394977168949772,0.605022831050228
"524",265,10,16,1,76,5,"ZH_GaHH3","ZH","Buffer100",60,0,433,270,103,60,0.237875288683603,0.623556581986143
"525",357,8,550,1,418,0,"ZH_PaLH2","ZH","Buffer100",0,0,1334,357,977,0,0.732383808095952,0.267616191904048
"526",418,0,241,0,86,0,"ZH_EsLH2","ZH","Buffer100",0,0,745,418,327,0,0.438926174496644,0.561073825503356
"527",52,6,71,0,283,0,"ZH_AlLL1","ZH","Buffer100",0,0,412,52,360,0,0.87378640776699,0.12621359223301
"528",24,14,191,0,178,0,"ZH_AlLL2","ZH","Buffer100",0,0,407,24,383,0,0.941031941031941,0.058968058968059
"529",2,4,261,0,145,0,"ZH_AlLL3","ZH","Buffer100",0,0,412,2,410,0,0.995145631067961,0.00485436893203883
"530",73,66,29,0,236,1,"ZH_AlLH1","ZH","Buffer100",0,0,405,74,331,0,0.817283950617284,0.182716049382716
"531",25,55,26,7,297,0,"ZH_AlLH2","ZH","Buffer100",0,0,410,25,385,0,0.939024390243902,0.0609756097560976
"532",45,21,122,0,221,0,"ZH_AlLH3","ZH","Buffer100",0,0,409,45,364,0,0.889975550122249,0.110024449877751
"533",18,30,4,3,351,1,"ZH_AlHL1","ZH","Buffer100",0,0,407,19,388,0,0.953316953316953,0.0466830466830467
"534",153,2,80,0,122,0,"ZH_AlHL2","ZH","Buffer100",53,0,410,153,204,53,0.497560975609756,0.373170731707317
"535",50,23,23,2,315,0,"ZH_AlHL3","ZH","Buffer100",0,0,413,50,363,0,0.878934624697337,0.121065375302663
"536",158,4,87,0,117,0,"ZH_AlHH1","ZH","Buffer100",53,0,419,158,208,53,0.496420047732697,0.37708830548926
"537",226,8,36,0,150,0,"ZH_AlHH2","ZH","Buffer100",0,0,420,226,194,0,0.461904761904762,0.538095238095238
"538",161,4,83,0,116,0,"ZH_AlHH3","ZH","Buffer100",50,0,414,161,203,50,0.490338164251208,0.388888888888889
"539",344,1,95,0,0,0,"ZH_GaLH3","ZH","Buffer100",0,0,440,344,96,0,0.218181818181818,0.781818181818182
"540",110,28,116,0,182,0,"Zh_GaLL1","ZH","Buffer100",0,0,436,110,326,0,0.747706422018349,0.252293577981651
"541",2157,5,196,0,79,0,"ZH_PaHL3","ZH","Buffer200",0,0,2437,2157,280,0,0.114895363151416,0.885104636848584
"542",2394,6,199,0,116,0,"ZH_PaHL1","ZH","Buffer200",0,0,2715,2394,321,0,0.118232044198895,0.881767955801105
"543",867,141,791,3,1049,2,"ZH_PaLL1","ZH","Buffer200",0,0,2853,869,1984,0,0.695408342096039,0.304591657903961
"544",2356,14,27,0,79,3,"ZH_PaHH2","ZH","Buffer200",0,0,2479,2359,120,0,0.0484066155707947,0.951593384429205
"545",1507,9,108,0,29,0,"ZH_PaHL2","ZH","Buffer200",2,0,1655,1507,146,2,0.0882175226586103,0.910574018126888
"546",1025,3,400,1,398,0,"ZH_PaLL2","ZH","Buffer200",0,0,1827,1025,802,0,0.438970990695129,0.561029009304871
"547",2076,8,423,0,107,0,"ZH_PaHH1","ZH","Buffer200",9,0,2623,2076,538,9,0.205108654212733,0.791460160121998
"548",1423,9,718,0,151,0,"ZH_PaLH1","ZH","Buffer200",0,0,2301,1423,878,0,0.381573229030856,0.618426770969144
"549",1827,27,28,0,187,0,"ZH_PaHH3","ZH","Buffer200",0,0,2069,1827,242,0,0.116964717254712,0.883035282745288
"550",1453,34,826,0,990,0,"ZH_PaLL3","ZH","Buffer200",0,0,3303,1453,1850,0,0.560096881622767,0.439903118377233
"551",1994,46,696,1,346,2,"ZH_PaLH3","ZH","Buffer200",1,0,3086,1996,1089,1,0.352883992222942,0.646791963707064
"552",1932,142,908,0,1184,5,"ZH_EsHL1","ZH","Buffer200",139,0,4310,1937,2234,139,0.518329466357309,0.449419953596288
"553",2071,4,108,0,106,0,"ZH_EsHH1","ZH","Buffer200",0,0,2289,2071,218,0,0.0952380952380952,0.904761904761905
"554",1580,207,317,0,767,2,"ZH_EsHL2","ZH","Buffer200",0,0,2873,1582,1291,0,0.449356073790463,0.550643926209537
"555",540,37,845,3,647,1,"ZH_EsLH1","ZH","Buffer200",0,0,2073,541,1532,0,0.739025566811384,0.260974433188616
"556",1196,160,809,3,1696,3,"ZH_EsLH3","ZH","Buffer200",0,0,3867,1199,2668,0,0.689940522368761,0.310059477631239
"557",1860,30,288,0,228,3,"ZH_EsHH2","ZH","Buffer200",0,0,2409,1863,546,0,0.226650062266501,0.773349937733499
"558",870,85,666,0,677,0,"ZH_EsLL3","ZH","Buffer200",0,0,2298,870,1428,0,0.621409921671018,0.378590078328982
"559",700,51,1237,0,597,2,"ZH_EsLL2","ZH","Buffer200",7,0,2594,702,1885,7,0.726676946800308,0.270624518118736
"560",1097,87,571,0,623,2,"ZH_EsLL1","ZH","Buffer200",1,0,2381,1099,1281,1,0.538009239815204,0.461570768584628
"561",1305,1,486,1,107,2,"ZH_EsHH3","ZH","Buffer200",0,0,1902,1307,595,0,0.312828601472135,0.687171398527865
"562",959,19,539,0,282,0,"Zh_RuLx3","ZH","Buffer200",268,0,2067,959,840,268,0.406386066763425,0.463957426221577
"563",772,2,508,0,152,0,"ZH_RuHx4","ZH","Buffer200",8,0,1442,772,662,8,0.459084604715673,0.535367545076283
"564",1222,56,568,2,562,5,"Zh_RuLx4","ZH","Buffer200",4,0,2419,1227,1188,4,0.491112029764365,0.507234394377842
"565",1337,21,214,0,93,0,"ZH_RuLx2","ZH","Buffer200",0,0,1665,1337,328,0,0.196996996996997,0.803003003003003
"566",1560,5,22,0,70,0,"ZH_RuHx6","ZH","Buffer200",0,0,1657,1560,97,0,0.0585395292697646,0.941460470730235
"567",549,40,344,0,599,0,"ZH_RuLx6","ZH","Buffer200",215,0,1747,549,983,215,0.562678878076703,0.314253005151689
"568",2004,263,577,0,995,22,"ZH_RuHx1","ZH","Buffer200",22,0,3883,2026,1835,22,0.472572753026011,0.521761524594386
"569",1153,3,217,0,64,0,"ZH_RuLx1","ZH","Buffer200",0,0,1437,1153,284,0,0.197633959638135,0.802366040361865
"570",652,44,672,15,244,0,"ZH_RuLx4","ZH","Buffer200",1,0,1628,652,975,1,0.598894348894349,0.4004914004914
"571",1735,2,65,0,34,0,"ZH_RuHx2","ZH","Buffer200",0,0,1836,1735,101,0,0.0550108932461874,0.944989106753813
"572",1349,20,91,0,263,0,"ZH_RuHx3","ZH","Buffer200",0,0,1723,1349,374,0,0.217063261752757,0.782936738247243
"573",1666,89,162,0,336,7,"ZH_RuHx5","ZH","Buffer200",0,0,2260,1673,587,0,0.259734513274336,0.740265486725664
"574",1573,1,37,0,10,0,"ZH_EsHL3","ZH","Buffer200",4,0,1625,1573,48,4,0.0295384615384615,0.968
"575",163,17,1063,0,424,0,"ZH_GaLL2","ZH","Buffer200",0,0,1667,163,1504,0,0.902219556088782,0.0977804439112178
"576",332,9,1015,2,223,1,"ZH_GaLL3","ZH","Buffer200",0,0,1582,333,1249,0,0.789506953223767,0.210493046776233
"577",289,20,1108,1,269,0,"ZH_GaLH1","ZH","Buffer200",0,0,1687,289,1398,0,0.828689982216953,0.171310017783047
"578",809,6,643,0,93,0,"ZH_GaLH2","ZH","Buffer200",0,0,1551,809,742,0,0.478401031592521,0.521598968407479
"579",1143,3,313,0,71,0,"ZH_GaHL1","ZH","Buffer200",0,0,1530,1143,387,0,0.252941176470588,0.747058823529412
"580",1200,4,244,0,65,0,"ZH_GaHL2","ZH","Buffer200",0,0,1513,1200,313,0,0.206873760740251,0.793126239259749
"581",608,5,775,0,217,0,"ZH_GaHL3","ZH","Buffer200",0,0,1605,608,997,0,0.621183800623053,0.378816199376947
"582",1181,4,281,0,117,0,"ZH_GaHH1","ZH","Buffer200",0,0,1583,1181,402,0,0.253948199620973,0.746051800379027
"583",940,8,288,0,258,4,"ZH_GaHH2","ZH","Buffer200",1,0,1499,944,554,1,0.369579719813209,0.629753168779186
"584",1094,16,88,1,147,6,"ZH_GaHH3","ZH","Buffer200",136,0,1488,1100,252,136,0.169354838709677,0.739247311827957
"585",945,20,1457,2,638,0,"ZH_PaLH2","ZH","Buffer200",0,0,3062,945,2117,0,0.691378184193338,0.308621815806662
"586",1108,5,632,0,292,0,"ZH_EsLH2","ZH","Buffer200",0,0,2037,1108,929,0,0.456062837506136,0.543937162493863
"587",471,21,274,0,682,0,"ZH_AlLL1","ZH","Buffer200",0,0,1448,471,977,0,0.674723756906077,0.325276243093923
"588",177,19,857,1,385,0,"ZH_AlLL2","ZH","Buffer200",0,0,1439,177,1262,0,0.876997915218902,0.123002084781098
"589",327,15,668,1,437,0,"ZH_AlLL3","ZH","Buffer200",0,0,1448,327,1121,0,0.774171270718232,0.225828729281768
"590",204,236,147,1,853,1,"ZH_AlLH1","ZH","Buffer200",0,0,1442,205,1237,0,0.857836338418863,0.142163661581137
"591",123,143,177,20,982,0,"ZH_AlLH2","ZH","Buffer200",0,0,1445,123,1322,0,0.914878892733564,0.085121107266436
"592",220,46,430,1,745,0,"ZH_AlLH3","ZH","Buffer200",0,0,1442,220,1222,0,0.847434119278779,0.152565880721221
"593",229,116,85,7,1004,2,"ZH_AlHL1","ZH","Buffer200",0,0,1443,231,1212,0,0.83991683991684,0.16008316008316
"594",778,13,281,0,286,0,"ZH_AlHL2","ZH","Buffer200",88,0,1446,778,580,88,0.401106500691563,0.538035961272476
"595",217,96,159,7,969,3,"ZH_AlHL3","ZH","Buffer200",0,0,1451,220,1231,0,0.848380427291523,0.151619572708477
"596",831,12,257,0,261,0,"ZH_AlHH1","ZH","Buffer200",93,0,1454,831,530,93,0.364511691884457,0.571526822558459
"597",890,12,223,0,346,0,"ZH_AlHH2","ZH","Buffer200",0,0,1471,890,581,0,0.394969408565602,0.605030591434398
"598",727,15,317,0,320,0,"ZH_AlHH3","ZH","Buffer200",71,0,1450,727,652,71,0.449655172413793,0.501379310344828
"599",1195,1,290,0,11,0,"ZH_GaLH3","ZH","Buffer200",0,0,1497,1195,302,0,0.201736806947228,0.798263193052772
"600",390,83,302,0,704,1,"Zh_GaLL1","ZH","Buffer200",1,0,1481,391,1089,1,0.735313977042539,0.264010803511141
"601",6483,17,548,0,177,0,"ZH_PaHL3","ZH","Buffer400",0,0,7225,6483,742,0,0.102698961937716,0.897301038062284
"602",7215,8,308,0,166,0,"ZH_PaHL1","ZH","Buffer400",5,0,7702,7215,482,5,0.0625811477538302,0.936769670215528
"603",2213,357,2312,4,1955,9,"ZH_PaLL1","ZH","Buffer400",1169,0,8019,2222,4628,1169,0.577129317870059,0.277091906721536
"604",7065,18,116,0,114,3,"ZH_PaHH2","ZH","Buffer400",6,0,7322,7068,248,6,0.0338705271783666,0.965310024583447
"605",4799,36,450,0,114,2,"ZH_PaHL2","ZH","Buffer400",397,1,5799,4801,601,397,0.103638558372133,0.827901362303845
"606",2734,32,1407,8,1902,0,"ZH_PaLL2","ZH","Buffer400",46,0,6129,2734,3349,46,0.546418665361397,0.446076031979116
"607",6399,12,918,0,196,1,"ZH_PaHH1","ZH","Buffer400",24,0,7550,6400,1126,24,0.149139072847682,0.847682119205298
"608",5219,59,1248,0,268,2,"ZH_PaLH1","ZH","Buffer400",203,0,6999,5221,1575,203,0.225032147449636,0.7459637091013
"609",5900,32,342,1,277,2,"ZH_PaHH3","ZH","Buffer400",18,0,6572,5902,652,18,0.0992087644552648,0.898052343274498
"610",4590,135,1826,9,2168,0,"ZH_PaLL3","ZH","Buffer400",0,0,8728,4590,4138,0,0.474106324472961,0.525893675527039
"611",5775,124,1673,1,787,6,"ZH_PaLH3","ZH","Buffer400",2,0,8368,5781,2585,2,0.308914913957935,0.690846080305927
"612",5070,318,2108,0,2532,13,"ZH_EsHL1","ZH","Buffer400",410,0,10451,5083,4958,410,0.474404363218831,0.486364941153957
"613",6224,23,480,0,263,0,"ZH_EsHH1","ZH","Buffer400",0,0,6990,6224,766,0,0.109585121602289,0.890414878397711
"614",4201,1351,594,0,1832,9,"ZH_EsHL2","ZH","Buffer400",14,0,8001,4210,3777,14,0.472065991751031,0.526184226971629
"615",1560,378,3096,6,1537,2,"ZH_EsLH1","ZH","Buffer400",0,0,6579,1562,5017,0,0.762577899376805,0.237422100623195
"616",2898,242,3625,5,2845,3,"ZH_EsLH3","ZH","Buffer400",0,0,9618,2901,6717,0,0.698378041172801,0.301621958827199
"617",5141,60,1015,2,972,3,"ZH_EsHH2","ZH","Buffer400",0,0,7193,5144,2049,0,0.284860280828583,0.715139719171417
"618",2140,502,1987,10,2334,3,"ZH_EsLL3","ZH","Buffer400",0,0,6976,2143,4833,0,0.692803899082569,0.307196100917431
"619",2026,346,3028,0,2152,3,"ZH_EsLL2","ZH","Buffer400",7,0,7562,2029,5526,7,0.730759058450145,0.268315260513092
"620",2458,289,2253,10,2068,46,"ZH_EsLL1","ZH","Buffer400",3,0,7127,2504,4620,3,0.648239090781535,0.351339974743932
"621",4349,9,1465,4,449,3,"ZH_EsHH3","ZH","Buffer400",0,0,6279,4352,1927,0,0.306896002548176,0.693103997451823
"622",4432,32,1276,0,430,0,"Zh_RuLx3","ZH","Buffer400",422,0,6592,4432,1738,422,0.263652912621359,0.672330097087379
"623",3529,71,1231,1,542,4,"ZH_RuHx4","ZH","Buffer400",12,0,5390,3533,1845,12,0.342300556586271,0.655473098330241
"624",3318,124,2056,6,1748,10,"Zh_RuLx4","ZH","Buffer400",5,0,7267,3328,3934,5,0.541351314159901,0.457960644007156
"625",4428,48,833,0,249,3,"ZH_RuLx2","ZH","Buffer400",269,1,5831,4431,1131,269,0.193963299605556,0.759903961584634
"626",5257,26,118,0,417,2,"ZH_RuHx6","ZH","Buffer400",1,0,5821,5259,561,1,0.0963751932657619,0.903453014945886
"627",2313,99,1278,2,1923,3,"ZH_RuLx6","ZH","Buffer400",369,0,5987,2316,3302,369,0.551528311341239,0.386838149323534
"628",6204,409,1100,0,2098,46,"ZH_RuHx1","ZH","Buffer400",221,1,10079,6250,3608,221,0.357972021033833,0.620101200515924
"629",3803,19,884,1,606,2,"ZH_RuLx1","ZH","Buffer400",73,0,5388,3805,1510,73,0.280252412769117,0.706198960653304
"630",2405,165,1849,22,1256,14,"ZH_RuLx4","ZH","Buffer400",47,0,5758,2419,3292,47,0.571726293852032,0.420111149704759
"631",5002,30,490,0,625,0,"ZH_RuHx2","ZH","Buffer400",2,0,6149,5002,1145,2,0.186209139697512,0.813465604163279
"632",4211,64,679,5,971,1,"ZH_RuHx3","ZH","Buffer400",0,0,5931,4212,1719,0,0.289833080424886,0.710166919575114
"633",4936,190,738,1,1061,8,"ZH_RuHx5","ZH","Buffer400",0,0,6934,4944,1990,0,0.286991635419671,0.713008364580329
"634",3977,39,665,0,223,0,"ZH_EsHL3","ZH","Buffer400",857,0,5761,3977,927,857,0.160909564311751,0.690331539663253
"635",955,193,3420,0,1256,0,"ZH_GaLL2","ZH","Buffer400",0,0,5824,955,4869,0,0.836023351648352,0.163976648351648
"636",1474,23,3045,5,1094,1,"ZH_GaLL3","ZH","Buffer400",5,0,5647,1475,4167,5,0.737913936603506,0.261200637506641
"637",1160,79,3700,4,923,0,"ZH_GaLH1","ZH","Buffer400",0,0,5866,1160,4706,0,0.802250255710876,0.197749744289124
"638",2232,42,2638,4,695,1,"ZH_GaLH2","ZH","Buffer400",0,0,5612,2233,3379,0,0.602102637205987,0.397897362794013
"639",3871,7,1500,0,185,0,"ZH_GaHL1","ZH","Buffer400",0,0,5563,3871,1692,0,0.304152435736114,0.695847564263886
"640",4092,34,734,4,677,2,"ZH_GaHL2","ZH","Buffer400",0,0,5543,4094,1449,0,0.261410788381743,0.738589211618257
"641",2842,18,2261,6,585,0,"ZH_GaHL3","ZH","Buffer400",0,0,5712,2842,2870,0,0.502450980392157,0.497549019607843
"642",4155,28,795,4,686,2,"ZH_GaHH1","ZH","Buffer400",0,0,5670,4157,1513,0,0.2668430335097,0.7331569664903
"643",3905,58,826,0,665,11,"ZH_GaHH2","ZH","Buffer400",44,0,5509,3916,1549,44,0.281176257033944,0.710836812488655
"644",4136,26,629,1,477,6,"ZH_GaHH3","ZH","Buffer400",221,0,5496,4142,1133,221,0.206149927219796,0.753639010189229
"645",2922,36,4307,4,1097,0,"ZH_PaLH2","ZH","Buffer400",0,0,8366,2922,5444,0,0.650729141764284,0.349270858235716
"646",3402,69,1770,1,1257,1,"ZH_EsLH2","ZH","Buffer400",0,0,6500,3403,3097,0,0.476461538461538,0.523538461538462
"647",2609,108,1152,1,1546,0,"ZH_AlLL1","ZH","Buffer400",0,0,5416,2609,2807,0,0.51827917282127,0.48172082717873
"648",642,42,3388,2,1323,0,"ZH_AlLL2","ZH","Buffer400",0,0,5397,642,4755,0,0.881045025013897,0.118954974986103
"649",1804,60,2285,2,1253,0,"ZH_AlLL3","ZH","Buffer400",0,0,5404,1804,3600,0,0.666173205033309,0.333826794966691
"650",913,582,1650,5,2233,6,"ZH_AlLH1","ZH","Buffer400",0,0,5389,919,4470,0,0.829467433661162,0.170532566338838
"651",1037,275,1111,56,2933,3,"ZH_AlLH2","ZH","Buffer400",0,0,5415,1040,4375,0,0.807940904893813,0.192059095106187
"652",828,200,1698,10,2654,3,"ZH_AlLH3","ZH","Buffer400",0,0,5393,831,4562,0,0.845911366586316,0.154088633413684
"653",1956,267,641,8,2493,18,"ZH_AlHL1","ZH","Buffer400",3,1,5387,1974,3410,3,0.633005383330239,0.366437720438092
"654",3466,31,833,1,872,3,"ZH_AlHL2","ZH","Buffer400",201,0,5407,3469,1737,201,0.321250231181801,0.641575735158128
"655",1941,255,508,8,2682,12,"ZH_AlHL3","ZH","Buffer400",3,1,5410,1953,3454,3,0.638447319778189,0.360998151571164
"656",3549,31,806,1,833,4,"ZH_AlHH1","ZH","Buffer400",205,0,5429,3553,1671,205,0.307791490145515,0.65444833302634
"657",3727,26,938,0,741,22,"ZH_AlHH2","ZH","Buffer400",0,0,5454,3749,1705,0,0.312614594792813,0.687385405207187
"658",3331,28,878,0,957,0,"ZH_AlHH3","ZH","Buffer400",195,0,5389,3331,1863,195,0.345704212284283,0.61811096678419
"659",4197,8,1190,0,114,0,"ZH_GaLH3","ZH","Buffer400",0,0,5509,4197,1312,0,0.238155745144309,0.761844254855691
"660",1587,214,1864,1,1815,2,"Zh_GaLL1","ZH","Buffer400",6,0,5489,1589,3894,6,0.709418837675351,0.289488067043177
"661",380,6,146,0,93,0,"ZH_PaHL1","ZH","Buffer50",0,0,625,380,245,0,0.392,0.608
"662",215,40,138,1,234,0,"ZH_PaLL1","ZH","Buffer50",0,0,628,215,413,0,0.657643312101911,0.342356687898089
"663",423,14,21,0,43,3,"ZH_PaHH2","ZH","Buffer50",0,0,504,426,78,0,0.154761904761905,0.845238095238095
"664",168,0,24,0,0,0,"ZH_PaHL2","ZH","Buffer50",0,0,192,168,24,0,0.125,0.875
"665",154,0,41,0,57,0,"ZH_PaLL2","ZH","Buffer50",0,0,252,154,98,0,0.388888888888889,0.611111111111111
"666",322,3,230,0,23,0,"ZH_PaHH1","ZH","Buffer50",0,0,578,322,256,0,0.442906574394464,0.557093425605536
"667",192,1,187,0,43,0,"ZH_PaLH1","ZH","Buffer50",0,0,423,192,231,0,0.546099290780142,0.453900709219858
"668",278,0,8,0,55,0,"ZH_PaHH3","ZH","Buffer50",0,0,341,278,63,0,0.18475073313783,0.81524926686217
"669",239,19,292,0,210,2,"ZH_PaLH3","ZH","Buffer50",0,0,762,241,521,0,0.683727034120735,0.316272965879265
"670",581,58,235,0,449,0,"ZH_EsHL1","ZH","Buffer50",0,0,1323,581,742,0,0.560846560846561,0.439153439153439
"671",344,0,23,0,56,0,"ZH_EsHH1","ZH","Buffer50",0,0,423,344,79,0,0.186761229314421,0.813238770685579
"672",378,64,60,0,170,2,"ZH_EsHL2","ZH","Buffer50",0,0,674,380,294,0,0.43620178041543,0.56379821958457
"673",78,15,126,1,118,0,"ZH_EsLH1","ZH","Buffer50",0,0,338,78,260,0,0.769230769230769,0.230769230769231
"674",330,15,76,0,49,0,"ZH_EsHH2","ZH","Buffer50",0,0,470,330,140,0,0.297872340425532,0.702127659574468
"675",325,3,75,0,36,0,"ZH_EsLL3","ZH","Buffer50",0,0,439,325,114,0,0.259681093394077,0.740318906605923
"676",299,6,89,0,81,0,"ZH_EsLL1","ZH","Buffer50",1,0,476,299,176,1,0.369747899159664,0.628151260504202
"677",224,0,32,0,14,0,"ZH_EsHH3","ZH","Buffer50",0,0,270,224,46,0,0.17037037037037,0.82962962962963
"678",93,10,120,0,56,0,"Zh_RuLx3","ZH","Buffer50",44,0,323,93,186,44,0.575851393188854,0.287925696594427
"679",50,0,65,0,10,0,"ZH_RuHx4","ZH","Buffer50",0,0,125,50,75,0,0.6,0.4
"680",185,5,102,1,140,0,"Zh_RuLx4","ZH","Buffer50",0,0,433,185,248,0,0.572748267898383,0.427251732101617
"681",121,0,44,0,25,0,"ZH_RuLx2","ZH","Buffer50",0,0,190,121,69,0,0.363157894736842,0.636842105263158
"682",181,2,0,0,6,0,"ZH_RuHx6","ZH","Buffer50",0,0,189,181,8,0,0.0423280423280423,0.957671957671958
"683",76,14,33,0,55,0,"ZH_RuLx6","ZH","Buffer50",38,0,216,76,102,38,0.472222222222222,0.351851851851852
"684",77,2,40,0,8,0,"ZH_RuLx1","ZH","Buffer50",0,0,127,77,50,0,0.393700787401575,0.606299212598425
"685",105,4,51,1,21,0,"ZH_RuLx4","ZH","Buffer50",0,0,182,105,77,0,0.423076923076923,0.576923076923077
"686",248,1,0,0,12,0,"ZH_RuHx2","ZH","Buffer50",0,0,261,248,13,0,0.0498084291187739,0.950191570881226
"687",149,2,18,0,48,0,"ZH_RuHx3","ZH","Buffer50",0,0,217,149,68,0,0.313364055299539,0.686635944700461
"688",322,32,1,0,37,4,"ZH_RuHx5","ZH","Buffer50",0,0,396,326,70,0,0.176767676767677,0.823232323232323
"689",176,0,0,0,8,0,"ZH_EsHL3","ZH","Buffer50",0,0,184,176,8,0,0.0434782608695652,0.956521739130435
"690",24,4,118,0,50,0,"ZH_GaLL2","ZH","Buffer50",0,0,196,24,172,0,0.877551020408163,0.122448979591837
"691",32,0,103,0,31,0,"ZH_GaLL3","ZH","Buffer50",0,0,166,32,134,0,0.807228915662651,0.192771084337349
"692",40,0,116,0,48,0,"ZH_GaLH1","ZH","Buffer50",0,0,204,40,164,0,0.803921568627451,0.196078431372549
"693",55,0,96,0,5,0,"ZH_GaLH2","ZH","Buffer50",0,0,156,55,101,0,0.647435897435897,0.352564102564103
"694",130,0,23,0,1,0,"ZH_GaHL1","ZH","Buffer50",0,0,154,130,24,0,0.155844155844156,0.844155844155844
"695",133,0,10,0,4,0,"ZH_GaHL2","ZH","Buffer50",0,0,147,133,14,0,0.0952380952380952,0.904761904761905
"696",58,1,100,0,17,0,"ZH_GaHL3","ZH","Buffer50",0,0,176,58,118,0,0.670454545454545,0.329545454545455
"697",112,0,51,0,7,0,"ZH_GaHH1","ZH","Buffer50",0,0,170,112,58,0,0.341176470588235,0.658823529411765
"698",100,0,21,0,23,0,"ZH_GaHH2","ZH","Buffer50",0,0,144,100,44,0,0.305555555555556,0.694444444444444
"699",101,3,0,0,31,4,"ZH_GaHH3","ZH","Buffer50",0,0,139,105,34,0,0.244604316546763,0.755395683453237
"700",157,6,228,0,303,0,"ZH_PaLH2","ZH","Buffer50",0,0,694,157,537,0,0.773775216138329,0.226224783861671
"701",179,0,119,0,36,0,"ZH_EsLH2","ZH","Buffer50",0,0,334,179,155,0,0.464071856287425,0.535928143712575
"702",10,0,17,0,100,0,"ZH_AlLL1","ZH","Buffer50",0,0,127,10,117,0,0.921259842519685,0.078740157480315
"703",3,7,35,0,82,0,"ZH_AlLL2","ZH","Buffer50",0,0,127,3,124,0,0.976377952755906,0.0236220472440945
"704",0,1,71,0,58,0,"ZH_AlLL3","ZH","Buffer50",0,0,130,0,130,0,1,0
"705",58,1,2,0,64,0,"ZH_AlLH1","ZH","Buffer50",0,0,125,58,67,0,0.536,0.464
"706",3,22,0,2,100,0,"ZH_AlLH2","ZH","Buffer50",0,0,127,3,124,0,0.976377952755906,0.0236220472440945
"707",5,10,36,0,77,0,"ZH_AlLH3","ZH","Buffer50",0,0,128,5,123,0,0.9609375,0.0390625
"708",1,12,0,1,114,0,"ZH_AlHL1","ZH","Buffer50",0,0,128,1,127,0,0.9921875,0.0078125
"709",23,2,9,0,72,0,"ZH_AlHL2","ZH","Buffer50",22,0,128,23,83,22,0.6484375,0.1796875
"710",2,6,4,1,117,0,"ZH_AlHL3","ZH","Buffer50",0,0,130,2,128,0,0.984615384615385,0.0153846153846154
"711",7,2,21,0,69,0,"ZH_AlHH1","ZH","Buffer50",35,0,134,7,92,35,0.686567164179104,0.0522388059701493
"712",51,5,4,0,72,0,"ZH_AlHH2","ZH","Buffer50",0,0,132,51,81,0,0.613636363636364,0.386363636363636
"713",40,1,21,0,47,0,"ZH_AlHH3","ZH","Buffer50",20,0,129,40,69,20,0.534883720930233,0.310077519379845
"714",109,1,35,0,0,0,"ZH_GaLH3","ZH","Buffer50",0,0,145,109,36,0,0.248275862068966,0.751724137931034
"715",37,2,49,0,54,0,"Zh_GaLL1","ZH","Buffer50",0,0,142,37,105,0,0.73943661971831,0.26056338028169
"716",319,4,100,0,72,0,"ZH_PaHL3","ZH","Buffer50",0,0,495,319,176,0,0.355555555555556,0.644444444444444
"717",193,5,363,0,319,0,"ZH_PaLL3","ZH","Buffer50",0,0,880,193,687,0,0.780681818181818,0.219318181818182
"718",350,48,257,3,535,3,"ZH_EsLH3","ZH","Buffer50",0,0,1196,353,843,0,0.704849498327759,0.295150501672241
"719",229,7,137,0,142,1,"ZH_EsLL2","ZH","Buffer50",6,0,522,230,286,6,0.547892720306513,0.440613026819923
"720",426,149,124,0,188,3,"ZH_RuHx1","ZH","Buffer50",2,0,892,429,461,2,0.516816143497758,0.480941704035874
